Brand/Title,Platform,Date,Campaign,Optimization,Change(s),Optimization Score,Results/Next step,Date Change(s) was made,Optimization made by
Vector Partners,Bing,2024-01-14,NGX_Conversion_Value_Apr22,Decreased bid for age group 55-64 by -5%,Modified CPC target from $5 to $6,86%,Under observation,2024-01-14,John D.
Beta International,SEM,2024-08-26,FX_Awareness_Value_Mar23,Paused ad group Group 2 due to high CPA,Updated campaign targeting settings,94%,Under observation,2024-08-26,Alex K.
Peak Technologies,SEM,2024-04-26,XF_Brand_Premium_May24,Added 24 negative keywords,Created 3 new ad groups,94%,Under observation,2024-04-26,Alex K.
Core Select,Social,2023-12-18,WWJ_Conversion_Seasonal_Aug24,Created 4 new ad variations for testing,Updated ad copy and CTAs,98%,Under observation,2023-12-18,Emma L.
Core Select,Social,2024-03-18,WWJ_Brand_General_Mar23,Added 19 negative keywords,Created 3 new ad groups,86%,Under observation,2024-03-18,Emma L.
Vector Direct,Social,2024-03-27,NRI_Awareness_Value_Oct24,Created 2 new ad variations for testing,Updated ad copy and CTAs,96%,Under observation,2024-03-27,Sarah M.
Nexus International,Bing,2024-11-02,EF_Prospecting_Seasonal_Feb22,Paused creative Version 1 and launched new variant,Created 3 new ad variations,91%,Under observation,2024-11-02,Mike R.
Omega Global,Bing,2024-02-29,PDD_Retargeting_Special_Apr23,Added 40 negative keywords,Added 25 negative keywords,91%,Under observation,2024-02-29,Sarah M.
Peak Technologies,Bing,2024-07-19,XF_Retargeting_Value_Q124,Created 4 new ad variations for testing,Updated ad copy and CTAs,96%,Under observation,2024-07-19,Emma L.
Sigma Solutions,SEM,2024-05-05,CL_Awareness_Premium_Apr22,Created 5 new ad variations for testing,Created 3 new ad variations,92%,Implemented successfully,2024-05-05,John D.
Beta Media,SEM,2024-02-10,VBI_Engagement_Seasonal_Q422,Adjusted daily budget from $294 to $391,Daily budget adjusted from $200 to $300,100%,Under observation,2024-02-10,Mike R.
Beta Media,SEM,2024-07-16,VBI_Awareness_General_Jun23,Created 3 new ad variations for testing,Created 3 new ad variations,100%,Under observation,2024-07-16,Alex K.
Nexus International,SEM,2024-10-31,EF_Brand_Value_Aug22,Increased bid for top performing keywords by 20%,"Previous bid: $1.50, New bid: $2.00",92%,Under observation,2024-10-31,Sarah M.
Gamma Brand,SEM,2024-06-02,PA_Engagement_Seasonal_May24,Created 5 new ad variations for testing,Created 3 new ad variations,85%,Under observation,2024-06-02,Emma L.
Gamma Brand,Social,2024-08-24,GDC_Retargeting_Special_Jul23,Updated CPA target from $42 to $33,Daily budget adjusted from $200 to $300,89%,Under observation,2024-08-24,Alex K.
Vector Direct,Social,2024-04-08,NRI_Engagement_Premium_May24,Updated CPA target from $71 to $78,Daily budget adjusted from $200 to $300,92%,Under observation,2024-04-08,John D.
Alpha Group,Social,2024-06-05,SB_Conversion_Special_Jul22,Created 2 new ad variations for testing,Created 3 new ad variations,90%,Under observation,2024-06-05,Emma L.
Prime Direct,SEM,2024-03-20,UWK_Retargeting_Value_Jul22,Adjusted Desktop device bid by -5%,"Previous bid: $1.50, New bid: $2.00",87%,Under observation,2024-03-20,Mike R.
Alpha Group,SEM,2023-12-02,EJ_Brand_General_Nov22,Adjusted daily budget from $485 to $464,Redistributed budget across campaigns,87%,Under observation,2023-12-02,Alex K.
Vector Partners,Bing,2024-06-07,NGX_Prospecting_Special_Q122,Adjusted daily budget from $356 to $481,Redistributed budget across campaigns,86%,Under observation,2024-06-07,Sarah M.
Beta Global,SEM,2024-05-09,BPN_Retargeting_Value_Nov23,Created 5 new ad variations for testing,Updated ad copy and CTAs,92%,Under observation,2024-05-09,Emma L.
Apex Systems,Bing,2024-01-06,WZH_Conversion_Seasonal_May24,Paused creative Version 1 and launched new variant,Created 3 new ad variations,93%,Under observation,2024-01-06,Sarah M.
Echo Ventures,SEM,2024-01-17,ESJ_Retargeting_Seasonal_Feb24,Updated CPA target from $76 to $66,Redistributed budget across campaigns,88%,Under observation,2024-01-17,Sarah M.
Apex Systems,SEM,2024-01-15,WZH_Awareness_Value_Apr23,Created 2 new ad variations for testing,Updated ad copy and CTAs,97%,Under observation,2024-01-15,Emma L.
Echo Ventures,Bing,2024-09-11,ESJ_Conversion_Premium_Q124,Added 34 negative keywords,Added 25 negative keywords,89%,Under observation,2024-09-11,Mike R.
Core Global,Social,2024-02-17,AYN_Prospecting_Value_Oct24,Decreased bid for age group 35-44 by -10%,"Previous bid: $1.50, New bid: $2.00",96%,Under observation,2024-02-17,Sarah M.
Core Global,SEM,2024-01-17,AYN_Conversion_Value_Apr23,Paused creative Version 4 and launched new variant,Updated ad copy and CTAs,97%,Implemented successfully,2024-01-17,Mike R.
Iris Enterprises,Bing,2024-10-22,YCZ_Conversion_Special_Q123,Created 4 new ad variations for testing,Created 3 new ad variations,100%,Under observation,2024-10-22,Emma L.
Peak Technologies,SEM,2024-09-13,XF_Retargeting_Value_Feb22,Created 4 new ad variations for testing,Updated ad copy and CTAs,96%,Under observation,2024-09-13,Alex K.
Sigma Corp,Bing,2024-07-17,PZR_Engagement_General_Jul22,Decreased bid for age group 35-44 by -5%,"Previous bid: $1.50, New bid: $2.00",98%,Under observation,2024-07-17,Sarah M.
Omega Global,SEM,2024-10-26,PDD_Engagement_General_Apr23,Updated CPA target from $68 to $29,Redistributed budget across campaigns,100%,Under observation,2024-10-26,Alex K.
Nova Technologies,Bing,2024-05-26,BRI_Brand_Seasonal_Q424,Adjusted Tablet device bid by 15%,"Previous bid: $1.50, New bid: $2.00",88%,Implemented successfully,2024-05-26,Mike R.
Alpha Corp,Social,2024-05-11,BF_Awareness_Premium_Oct23,Paused creative Version 1 and launched new variant,Updated ad copy and CTAs,92%,Under observation,2024-05-11,Alex K.
Gamma Direct,Social,2024-06-11,HP_Retargeting_General_Mar24,Adjusted daily budget from $276 to $112,Redistributed budget across campaigns,88%,Under observation,2024-06-11,John D.
Gamma Ventures,Social,2024-05-01,QK_Retargeting_Special_Q223,Adjusted daily budget from $366 to $347,Redistributed budget across campaigns,100%,Under observation,2024-05-01,Emma L.
Peak Technologies,Bing,2023-12-16,XF_Awareness_Value_Jun23,Adjusted daily budget from $275 to $431,Daily budget adjusted from $200 to $300,90%,Implemented successfully,2023-12-16,Sarah M.
Vector Direct,Bing,2024-05-11,NRI_Engagement_Special_Q222,Created 3 new ad groups with focused keywords,Created 3 new ad groups,90%,Under observation,2024-05-11,Emma L.
Beta International,Bing,2024-07-11,FX_Engagement_Special_Q222,Created 2 new ad groups with focused keywords,Updated campaign targeting settings,91%,Under observation,2024-07-11,John D.
Sigma Media,SEM,2024-05-08,RG_Awareness_Value_May23,Adjusted daily budget from $234 to $443,Redistributed budget across campaigns,95%,Under observation,2024-05-08,Alex K.
Beta International,Social,2024-05-22,FX_Engagement_Seasonal_May24,Adjusted daily budget from $444 to $461,Redistributed budget across campaigns,87%,Under observation,2024-05-22,Mike R.
Gamma Ventures,SEM,2024-01-22,QK_Prospecting_General_Feb22,Adjusted daily budget from $361 to $298,Redistributed budget across campaigns,89%,Under observation,2024-01-22,Emma L.
Core Select,SEM,2024-09-03,WWJ_Conversion_Value_Q124,Created 3 new ad groups with focused keywords,Added 25 negative keywords,95%,Implemented successfully,2024-09-03,Alex K.
Nexus International,SEM,2024-07-29,EF_Prospecting_Seasonal_Sep24,Decreased bid for age group 55-64 by -5%,Modified CPC target from $5 to $6,100%,Under observation,2024-07-29,Emma L.
Atlas Industries,SEM,2024-02-17,FR_Conversion_General_Dec23,Paused creative Version 2 and launched new variant,Updated ad copy and CTAs,86%,Under observation,2024-02-17,Alex K.
Echo Brand,Bing,2024-09-08,BW_Retargeting_General_Mar24,Created 2 new ad variations for testing,Created 3 new ad variations,93%,Implemented successfully,2024-09-08,Mike R.
Alpha Group,SEM,2024-08-29,GE_Awareness_Premium_Q124,Paused creative Version 2 and launched new variant,Updated ad copy and CTAs,86%,Under observation,2024-08-29,Mike R.
Iris Group,SEM,2024-03-24,YC_Brand_Seasonal_Q424,Adjusted Tablet device bid by 15%,Adjusted age targeting by +10%,98%,Under observation,2024-03-24,Sarah M.
Alpha Industries,Social,2024-09-10,YD_Engagement_Special_Sep23,Decreased bid for age group 55-64 by -5%,"Previous bid: $1.50, New bid: $2.00",95%,Implemented successfully,2024-09-10,Mike R.
Echo Brand,Social,2024-02-01,BW_Prospecting_Seasonal_Q224,Decreased bid for age group 65+ by -15%,Modified CPC target from $5 to $6,89%,Under observation,2024-02-01,Mike R.
Vector Partners,Bing,2024-02-04,NGX_Engagement_Special_Jun24,Created 5 new ad variations for testing,Updated ad copy and CTAs,99%,Under observation,2024-02-04,John D.
Beta International,Social,2024-07-13,FX_Retargeting_Value_Feb22,Adjusted daily budget from $496 to $475,Daily budget adjusted from $200 to $300,99%,Under observation,2024-07-13,Mike R.
Beta Global,SEM,2024-06-30,BPN_Retargeting_General_Apr22,Created 4 new ad groups with focused keywords,Created 3 new ad groups,95%,Under observation,2024-06-30,Sarah M.
Core Global,SEM,2023-12-17,AYN_Prospecting_Premium_Q323,Decreased bid for age group 18-24 by -15%,"Previous bid: $1.50, New bid: $2.00",99%,Under observation,2023-12-17,Emma L.
Sigma Corp,Social,2024-02-13,PZR_Engagement_Value_Q322,Updated CPA target from $52 to $30,Redistributed budget across campaigns,90%,Under observation,2024-02-13,Mike R.
Gamma Direct,SEM,2024-11-18,HP_Brand_Value_Jan22,Increased bid for top performing keywords by 20%,"Previous bid: $1.50, New bid: $2.00",89%,Under observation,2024-11-18,Alex K.
Iris Enterprises,Social,2024-11-14,YCZ_Prospecting_Special_Q423,Increased bid for top performing keywords by 20%,Modified CPC target from $5 to $6,89%,Under observation,2024-11-14,Sarah M.
Echo Ventures,Social,2024-01-15,ESJ_Awareness_Premium_Apr22,Decreased bid for age group 25-34 by -10%,"Previous bid: $1.50, New bid: $2.00",89%,Under observation,2024-01-15,Alex K.
Gamma Brand,Bing,2024-05-21,PA_Retargeting_Seasonal_Q423,Paused creative Version 4 and launched new variant,Updated ad copy and CTAs,91%,Under observation,2024-05-21,John D.
Orion Systems,Social,2024-05-21,FSG_Awareness_Special_Jun24,Paused creative Version 2 and launched new variant,Updated ad copy and CTAs,87%,Under observation,2024-05-21,Alex K.
Echo Brand,Bing,2024-03-08,BW_Conversion_General_Sep24,Adjusted daily budget from $482 to $300,Redistributed budget across campaigns,86%,Implemented successfully,2024-03-08,Sarah M.
Core Global,Social,2024-03-26,AYN_Conversion_Seasonal_Dec22,Adjusted Mobile device bid by 10%,"Previous bid: $1.50, New bid: $2.00",96%,Implemented successfully,2024-03-26,Sarah M.
Echo Ventures,Bing,2024-08-29,ESJ_Conversion_Premium_Jan23,Updated CPA target from $29 to $22,Daily budget adjusted from $200 to $300,85%,Under observation,2024-08-29,John D.
Nexus International,Bing,2024-10-10,EF_Brand_Value_May23,Updated CPA target from $74 to $71,Daily budget adjusted from $200 to $300,89%,Under observation,2024-10-10,Mike R.
Iris Group,Social,2024-08-24,YC_Awareness_Special_Apr24,Added 50 negative keywords,Updated campaign targeting settings,87%,Under observation,2024-08-24,Emma L.
Vector Partners,Social,2024-01-07,NGX_Awareness_Value_Jun23,Created 2 new ad groups with focused keywords,Created 3 new ad groups,90%,Under observation,2024-01-07,Sarah M.
Gamma Brand,Bing,2024-05-19,PA_Engagement_Seasonal_Jul24,Created 3 new ad variations for testing,Updated ad copy and CTAs,89%,Implemented successfully,2024-05-19,Mike R.
Gamma Ventures,Social,2024-06-30,QK_Engagement_Special_Dec22,Adjusted daily budget from $234 to $464,Daily budget adjusted from $200 to $300,100%,Under observation,2024-06-30,Mike R.
Nexus International,SEM,2024-05-30,EF_Conversion_Seasonal_Dec24,Paused ad group Group 5 due to high CPA,Updated campaign targeting settings,88%,Under observation,2024-05-30,Alex K.
Gamma Brand,SEM,2024-03-28,GDC_Conversion_Special_Aug24,Decreased bid for age group 45-54 by -15%,"Previous bid: $1.50, New bid: $2.00",86%,Under observation,2024-03-28,Emma L.
Gamma Direct,Bing,2024-06-24,HP_Conversion_Seasonal_Q422,Created 2 new ad groups with focused keywords,Updated campaign targeting settings,96%,Under observation,2024-06-24,John D.
Core Select,SEM,2024-06-16,WWJ_Prospecting_Seasonal_Oct22,Decreased bid for age group 35-44 by -10%,"Previous bid: $1.50, New bid: $2.00",99%,Under observation,2024-06-16,Sarah M.
Echo Brand,Social,2024-07-18,BW_Brand_Value_Q122,Created 3 new ad groups with focused keywords,Updated campaign targeting settings,92%,Under observation,2024-07-18,Emma L.
Nexus Holdings,Bing,2024-10-14,LH_Prospecting_Value_Sep24,Updated CPA target from $20 to $68,Redistributed budget across campaigns,88%,Under observation,2024-10-14,Sarah M.
Atlas Industries,Bing,2024-02-04,FR_Prospecting_Value_Aug24,Increased bid for top performing keywords by 5%,"Previous bid: $1.50, New bid: $2.00",98%,Implemented successfully,2024-02-04,Mike R.
Sigma Solutions,SEM,2024-08-08,CL_Conversion_Seasonal_Dec22,Decreased bid for age group 18-24 by -5%,Modified CPC target from $5 to $6,86%,Under observation,2024-08-08,Sarah M.
Vector Partners,Social,2024-05-03,NGX_Brand_Seasonal_Aug22,Updated CPA target from $60 to $77,Redistributed budget across campaigns,92%,Under observation,2024-05-03,Sarah M.
Orion Systems,SEM,2024-01-17,FSG_Brand_Seasonal_Jun24,Created 4 new ad groups with focused keywords,Created 3 new ad groups,88%,Under observation,2024-01-17,Sarah M.
Iris Enterprises,SEM,2024-04-07,YCZ_Engagement_Value_Q322,Paused creative Version 3 and launched new variant,Created 3 new ad variations,91%,Implemented successfully,2024-04-07,Mike R.
Apex Select,Social,2024-05-24,LYY_Prospecting_Special_Jan22,Paused ad group Group 3 due to high CPA,Created 3 new ad groups,90%,Under observation,2024-05-24,Emma L.
Iris Enterprises,SEM,2024-07-17,YCZ_Engagement_Premium_Jul22,Increased bid for top performing keywords by 5%,"Previous bid: $1.50, New bid: $2.00",86%,Implemented successfully,2024-07-17,Sarah M.
Orion Systems,Bing,2024-06-01,FSG_Engagement_Special_Jun24,Paused creative Version 5 and launched new variant,Updated ad copy and CTAs,87%,Under observation,2024-06-01,John D.
Sigma Corp,Social,2024-01-10,PZR_Conversion_Value_Oct23,Paused ad group Group 4 due to high CPA,Added 25 negative keywords,90%,Implemented successfully,2024-01-10,Emma L.
Beta International,Bing,2024-06-06,FX_Engagement_Special_Q222,Increased bid for top performing keywords by 15%,"Previous bid: $1.50, New bid: $2.00",90%,Under observation,2024-06-06,Emma L.
Apex Select,Social,2024-10-20,LYY_Retargeting_General_Jan23,Created 5 new ad groups with focused keywords,Added 25 negative keywords,87%,Under observation,2024-10-20,Sarah M.
Atlas Industries,Bing,2024-10-11,FR_Conversion_Special_May22,Paused ad group Group 4 due to high CPA,Updated campaign targeting settings,96%,Under observation,2024-10-11,Emma L.
Quantum Select,SEM,2024-04-10,WZ_Retargeting_Premium_Q323,Created 3 new ad variations for testing,Created 3 new ad variations,93%,Under observation,2024-04-10,Emma L.
Vector Direct,SEM,2024-02-13,NRI_Engagement_Value_May24,Added 25 negative keywords,Created 3 new ad groups,86%,Implemented successfully,2024-02-13,Sarah M.
Echo Ventures,SEM,2024-02-22,ESJ_Brand_Value_Q122,Created 4 new ad groups with focused keywords,Updated campaign targeting settings,85%,Implemented successfully,2024-02-22,Mike R.
Apex Select,Social,2024-08-27,LYY_Conversion_Premium_Jan23,Created 2 new ad variations for testing,Created 3 new ad variations,86%,Under observation,2024-08-27,Sarah M.
Nexus Holdings,Bing,2024-05-11,LH_Brand_Value_Q424,Increased bid for top performing keywords by 15%,Modified CPC target from $5 to $6,90%,Implemented successfully,2024-05-11,Mike R.
Nexus International,Bing,2024-09-19,EF_Brand_Seasonal_Jan23,Paused ad group Group 5 due to high CPA,Created 3 new ad groups,87%,Under observation,2024-09-19,Emma L.
Sigma Media,SEM,2024-05-07,RG_Engagement_General_Dec22,Updated CPA target from $82 to $60,Daily budget adjusted from $200 to $300,96%,Under observation,2024-05-07,Alex K.
Core Select,Social,2024-11-10,WWJ_Awareness_Seasonal_Jul24,Adjusted daily budget from $473 to $100,Redistributed budget across campaigns,86%,Under observation,2024-11-10,Mike R.
Gamma Direct,Social,2024-02-04,HP_Brand_Special_Oct24,Paused creative Version 2 and launched new variant,Updated ad copy and CTAs,95%,Under observation,2024-02-04,John D.
Prime Direct,SEM,2024-04-07,UWK_Engagement_Value_May24,Adjusted Mobile device bid by -5%,Adjusted age targeting by +10%,88%,Implemented successfully,2024-04-07,John D.
Echo Ventures,Social,2024-02-17,ESJ_Retargeting_General_Apr22,Created 4 new ad variations for testing,Updated ad copy and CTAs,88%,Implemented successfully,2024-02-17,Alex K.
Gamma Direct,SEM,2023-12-31,HP_Conversion_Seasonal_May24,Paused creative Version 3 and launched new variant,Updated ad copy and CTAs,88%,Under observation,2023-12-31,Sarah M.
Echo Ventures,SEM,2024-08-30,ESJ_Brand_General_Jan22,Adjusted Tablet device bid by 5%,Modified CPC target from $5 to $6,85%,Under observation,2024-08-30,Sarah M.
Apex Systems,Social,2024-01-14,WZH_Awareness_Value_Oct24,Increased bid for top performing keywords by 20%,Modified CPC target from $5 to $6,93%,Under observation,2024-01-14,Mike R.
Vector Partners,Bing,2024-06-12,NGX_Brand_Premium_Dec22,Decreased bid for age group 25-34 by -15%,Adjusted age targeting by +10%,85%,Under observation,2024-06-12,Mike R.
Vector Holdings,SEM,2023-12-07,KO_Conversion_Premium_Q124,Adjusted Desktop device bid by -15%,Adjusted age targeting by +10%,88%,Under observation,2023-12-07,Emma L.
Vector Holdings,Bing,2024-01-09,KO_Engagement_Seasonal_Sep23,Updated CPA target from $43 to $67,Redistributed budget across campaigns,96%,Under observation,2024-01-09,John D.
Beta Media,SEM,2024-04-06,VBI_Brand_Seasonal_Q322,Created 2 new ad variations for testing,Created 3 new ad variations,88%,Under observation,2024-04-06,Mike R.
Atlas Industries,Bing,2024-06-09,FR_Brand_Value_May22,Adjusted Tablet device bid by 5%,Modified CPC target from $5 to $6,92%,Under observation,2024-06-09,John D.
Beta International,Social,2024-01-24,FX_Conversion_Premium_Jan23,Paused ad group Group 2 due to high CPA,Added 25 negative keywords,89%,Under observation,2024-01-24,John D.
Apex Systems,Social,2024-09-23,WZH_Conversion_Seasonal_Q422,Added 14 negative keywords,Added 25 negative keywords,97%,Under observation,2024-09-23,Alex K.
Peak Technologies,Bing,2023-11-30,XF_Awareness_Seasonal_Jun24,Created 2 new ad variations for testing,Updated ad copy and CTAs,89%,Under observation,2023-11-30,Alex K.
Sigma Media,Bing,2024-04-18,RG_Awareness_Special_Oct24,Decreased bid for age group 35-44 by -10%,Modified CPC target from $5 to $6,100%,Under observation,2024-04-18,Emma L.
Alpha Group,SEM,2024-06-17,EJ_Engagement_Seasonal_May24,Updated CPA target from $24 to $70,Redistributed budget across campaigns,92%,Under observation,2024-06-17,Emma L.
Omega Solutions,Social,2024-05-14,TO_Prospecting_Premium_May22,Decreased bid for age group 45-54 by -5%,Modified CPC target from $5 to $6,88%,Implemented successfully,2024-05-14,Sarah M.
Orion Systems,Social,2024-05-06,FSG_Engagement_Seasonal_Q422,Created 2 new ad variations for testing,Created 3 new ad variations,99%,Under observation,2024-05-06,Emma L.
Core Global,SEM,2024-08-13,AYN_Conversion_General_Nov22,Decreased bid for age group 65+ by -5%,Adjusted age targeting by +10%,89%,Implemented successfully,2024-08-13,Alex K.
Nexus Holdings,SEM,2024-03-05,LH_Engagement_Value_May24,Paused ad group Group 4 due to high CPA,Added 25 negative keywords,96%,Implemented successfully,2024-03-05,Mike R.
Sigma Holdings,SEM,2024-10-14,EY_Brand_Seasonal_Feb22,Paused creative Version 2 and launched new variant,Updated ad copy and CTAs,100%,Under observation,2024-10-14,Sarah M.
Vector Holdings,Social,2024-02-15,KO_Brand_Premium_Oct24,Adjusted daily budget from $245 to $114,Redistributed budget across campaigns,86%,Under observation,2024-02-15,Alex K.
Alpha Industries,SEM,2024-11-04,YD_Retargeting_Premium_Jun24,Added 36 negative keywords,Updated campaign targeting settings,85%,Implemented successfully,2024-11-04,John D.
Vector Holdings,SEM,2024-09-26,KO_Prospecting_Seasonal_Nov23,Created 4 new ad groups with focused keywords,Updated campaign targeting settings,93%,Under observation,2024-09-26,Emma L.
Quantum Select,Social,2024-03-14,WZ_Conversion_Value_Apr23,Updated CPA target from $94 to $33,Daily budget adjusted from $200 to $300,96%,Under observation,2024-03-14,Alex K.
Echo Brand,SEM,2024-07-27,BW_Brand_General_Jan22,Decreased bid for age group 65+ by -10%,Adjusted age targeting by +10%,93%,Under observation,2024-07-27,Mike R.
Sigma Corp,Bing,2023-12-23,PZR_Brand_Special_Jun23,Added 30 negative keywords,Updated campaign targeting settings,89%,Implemented successfully,2023-12-23,Emma L.
Echo Brand,Social,2024-06-18,BW_Awareness_General_Apr24,Paused creative Version 5 and launched new variant,Created 3 new ad variations,95%,Implemented successfully,2024-06-18,Sarah M.
Vector Holdings,Bing,2024-02-19,KO_Retargeting_General_Nov22,Adjusted daily budget from $250 to $149,Redistributed budget across campaigns,89%,Implemented successfully,2024-02-19,Alex K.
Core Select,Social,2024-03-16,WWJ_Prospecting_Seasonal_Nov23,Adjusted Desktop device bid by 5%,Adjusted age targeting by +10%,96%,Under observation,2024-03-16,Mike R.
Sigma Solutions,Bing,2023-12-21,CL_Brand_General_Oct22,Paused creative Version 4 and launched new variant,Created 3 new ad variations,88%,Implemented successfully,2023-12-21,Emma L.
Vector Direct,SEM,2023-12-21,NRI_Prospecting_Special_Q122,Paused creative Version 3 and launched new variant,Updated ad copy and CTAs,99%,Under observation,2023-12-21,Sarah M.
Iris Group,SEM,2024-10-12,YC_Awareness_Special_Jun24,Adjusted daily budget from $102 to $331,Redistributed budget across campaigns,91%,Implemented successfully,2024-10-12,Sarah M.
Alpha Corp,Bing,2024-01-29,BF_Conversion_Special_Oct24,Adjusted Desktop device bid by 5%,Adjusted age targeting by +10%,100%,Under observation,2024-01-29,John D.
Sigma Corp,Bing,2024-05-06,PZR_Engagement_General_Q123,Increased bid for top performing keywords by 5%,Modified CPC target from $5 to $6,92%,Under observation,2024-05-06,Mike R.
Omega Global,Bing,2024-06-07,PDD_Brand_General_Nov22,Decreased bid for age group 25-34 by -15%,"Previous bid: $1.50, New bid: $2.00",94%,Implemented successfully,2024-06-07,Emma L.
Vector Direct,SEM,2024-11-09,NRI_Prospecting_Value_Q322,Created 4 new ad variations for testing,Created 3 new ad variations,90%,Implemented successfully,2024-11-09,Emma L.
Nexus Holdings,SEM,2024-01-30,LH_Awareness_General_Jun23,Paused ad group Group 5 due to high CPA,Updated campaign targeting settings,90%,Under observation,2024-01-30,John D.
Echo Ventures,SEM,2024-09-23,ESJ_Brand_Premium_May24,Increased bid for top performing keywords by 5%,"Previous bid: $1.50, New bid: $2.00",88%,Under observation,2024-09-23,Emma L.
Gamma Ventures,SEM,2024-11-17,QK_Awareness_Value_Oct24,Paused creative Version 3 and launched new variant,Updated ad copy and CTAs,88%,Under observation,2024-11-17,Mike R.
Orion Systems,Bing,2024-08-11,FSG_Engagement_Seasonal_May24,Increased bid for top performing keywords by 15%,"Previous bid: $1.50, New bid: $2.00",88%,Under observation,2024-08-11,Alex K.
Sigma Corp,Bing,2024-05-25,PZR_Awareness_Seasonal_Jun24,Created 3 new ad groups with focused keywords,Added 25 negative keywords,100%,Implemented successfully,2024-05-25,Emma L.
Prime Direct,Bing,2023-11-30,UWK_Awareness_Value_Apr23,Increased bid for top performing keywords by 25%,Modified CPC target from $5 to $6,100%,Under observation,2023-11-30,John D.
Nova Technologies,Bing,2024-04-03,BRI_Conversion_General_May23,Decreased bid for age group 35-44 by -10%,Adjusted age targeting by +10%,86%,Under observation,2024-04-03,Sarah M.
Alpha Group,Bing,2024-05-26,WX_Awareness_Special_Jun24,Updated CPA target from $34 to $32,Daily budget adjusted from $200 to $300,85%,Implemented successfully,2024-05-26,Sarah M.
Prime Direct,Social,2024-10-07,UWK_Awareness_General_Jun23,Paused creative Version 3 and launched new variant,Updated ad copy and CTAs,90%,Under observation,2024-10-07,Emma L.
Sigma Solutions,Social,2024-11-11,CL_Awareness_General_Jan22,Created 3 new ad variations for testing,Created 3 new ad variations,89%,Under observation,2024-11-11,John D.
Alpha Corp,Social,2024-09-21,BF_Engagement_Premium_Jul22,Created 3 new ad variations for testing,Updated ad copy and CTAs,96%,Under observation,2024-09-21,Sarah M.
Vector Holdings,Social,2024-06-21,KO_Retargeting_Special_Mar24,Increased bid for top performing keywords by 15%,Modified CPC target from $5 to $6,95%,Under observation,2024-06-21,Alex K.
Gamma Direct,Bing,2024-07-02,HP_Engagement_Seasonal_Q422,Increased bid for top performing keywords by 20%,Adjusted age targeting by +10%,97%,Under observation,2024-07-02,Alex K.
Nexus International,Social,2024-08-08,EF_Prospecting_Special_Oct22,Created 3 new ad groups with focused keywords,Added 25 negative keywords,100%,Under observation,2024-08-08,Mike R.
Omega Solutions,Bing,2024-08-31,TO_Retargeting_Seasonal_Dec23,Created 3 new ad groups with focused keywords,Added 25 negative keywords,99%,Under observation,2024-08-31,Alex K.
Iris Enterprises,Social,2024-07-09,YCZ_Retargeting_Special_Apr23,Created 2 new ad variations for testing,Created 3 new ad variations,97%,Under observation,2024-07-09,Alex K.
Gamma Brand,Bing,2024-08-10,GDC_Awareness_Value_Oct24,Updated CPA target from $63 to $66,Daily budget adjusted from $200 to $300,92%,Implemented successfully,2024-08-10,Mike R.
Vector Holdings,SEM,2024-01-21,KO_Retargeting_Premium_Aug22,Paused creative Version 1 and launched new variant,Updated ad copy and CTAs,96%,Implemented successfully,2024-01-21,Mike R.
Vector Direct,SEM,2023-12-17,NRI_Retargeting_General_Apr22,Increased bid for top performing keywords by 20%,"Previous bid: $1.50, New bid: $2.00",93%,Under observation,2023-12-17,Sarah M.
Gamma Ventures,SEM,2024-07-15,QK_Engagement_General_Apr23,Created 2 new ad groups with focused keywords,Created 3 new ad groups,86%,Implemented successfully,2024-07-15,Alex K.
Gamma Ventures,Bing,2024-10-26,QK_Retargeting_Seasonal_Apr23,Paused creative Version 4 and launched new variant,Created 3 new ad variations,86%,Under observation,2024-10-26,Emma L.
Vector Holdings,SEM,2024-01-28,KO_Conversion_Value_Mar23,Added 48 negative keywords,Updated campaign targeting settings,95%,Under observation,2024-01-28,Emma L.
Atlas Industries,Social,2024-06-14,FR_Conversion_Seasonal_May24,Updated CPA target from $37 to $37,Redistributed budget across campaigns,94%,Implemented successfully,2024-06-14,Alex K.
Peak Technologies,Bing,2024-03-10,XF_Brand_Value_Sep24,Created 4 new ad groups with focused keywords,Updated campaign targeting settings,89%,Implemented successfully,2024-03-10,Sarah M.
Nova Technologies,Bing,2024-05-22,BRI_Engagement_Special_Jan23,Adjusted Tablet device bid by 15%,Modified CPC target from $5 to $6,98%,Under observation,2024-05-22,Alex K.
Echo Brand,SEM,2024-08-17,BW_Retargeting_Premium_Q323,Decreased bid for age group 25-34 by -15%,Modified CPC target from $5 to $6,86%,Under observation,2024-08-17,Sarah M.
Echo Brand,Bing,2023-12-25,BW_Conversion_General_Mar24,Created 3 new ad groups with focused keywords,Updated campaign targeting settings,86%,Under observation,2023-12-25,Emma L.
Sigma Media,Bing,2024-03-24,RG_Conversion_General_Mar24,Created 2 new ad variations for testing,Updated ad copy and CTAs,97%,Under observation,2024-03-24,Mike R.
Nexus International,Bing,2024-03-06,EF_Engagement_Premium_Jan24,Updated CPA target from $48 to $67,Daily budget adjusted from $200 to $300,91%,Under observation,2024-03-06,Sarah M.
Beta Global,SEM,2024-08-13,BPN_Retargeting_Seasonal_Dec23,Paused ad group Group 4 due to high CPA,Created 3 new ad groups,93%,Under observation,2024-08-13,Alex K.
Beta Media,Bing,2024-07-19,VBI_Engagement_Seasonal_May23,Adjusted daily budget from $178 to $265,Daily budget adjusted from $200 to $300,94%,Under observation,2024-07-19,Alex K.
Quantum Select,SEM,2024-08-19,WZ_Prospecting_Special_Q422,Adjusted daily budget from $358 to $181,Redistributed budget across campaigns,97%,Under observation,2024-08-19,Sarah M.
Alpha Industries,Social,2024-05-26,YD_Engagement_Seasonal_Jan23,Updated CPA target from $91 to $21,Daily budget adjusted from $200 to $300,96%,Under observation,2024-05-26,Alex K.
Vector Partners,SEM,2024-06-06,NGX_Engagement_Seasonal_Q324,Updated CPA target from $89 to $56,Daily budget adjusted from $200 to $300,96%,Under observation,2024-06-06,Alex K.
Iris Enterprises,Bing,2024-04-23,YCZ_Prospecting_Seasonal_Sep24,Decreased bid for age group 55-64 by -15%,"Previous bid: $1.50, New bid: $2.00",90%,Implemented successfully,2024-04-23,Alex K.
Gamma Brand,Bing,2024-11-01,GDC_Brand_Special_Q122,Paused ad group Group 4 due to high CPA,Added 25 negative keywords,91%,Under observation,2024-11-01,Emma L.
Beta Global,Bing,2024-07-16,BPN_Engagement_Seasonal_Q422,Increased bid for top performing keywords by 5%,"Previous bid: $1.50, New bid: $2.00",86%,Under observation,2024-07-16,Mike R.
Beta Global,Social,2024-06-19,BPN_Brand_Seasonal_Jun24,Updated CPA target from $75 to $60,Daily budget adjusted from $200 to $300,97%,Under observation,2024-06-19,Alex K.
Gamma Brand,SEM,2024-11-16,GDC_Prospecting_Seasonal_Jun24,Adjusted Mobile device bid by -5%,Modified CPC target from $5 to $6,94%,Under observation,2024-11-16,Mike R.
Iris Enterprises,SEM,2024-10-27,YCZ_Retargeting_Seasonal_Q222,Paused creative Version 5 and launched new variant,Created 3 new ad variations,89%,Implemented successfully,2024-10-27,Alex K.
Echo Brand,Bing,2024-11-04,BW_Engagement_Value_Q124,Updated CPA target from $21 to $90,Daily budget adjusted from $200 to $300,88%,Under observation,2024-11-04,Alex K.
Beta International,Bing,2024-03-10,FX_Conversion_Seasonal_Nov23,Updated CPA target from $47 to $72,Daily budget adjusted from $200 to $300,90%,Under observation,2024-03-10,Alex K.
Beta Media,Bing,2024-02-24,VBI_Awareness_General_Jan22,Adjusted Mobile device bid by 10%,Adjusted age targeting by +10%,87%,Under observation,2024-02-24,John D.
Beta Media,Social,2024-09-16,VBI_Engagement_Seasonal_Q422,Created 3 new ad groups with focused keywords,Updated campaign targeting settings,92%,Under observation,2024-09-16,Alex K.
Beta Global,Social,2024-07-29,BPN_Engagement_Seasonal_Q422,Updated CPA target from $94 to $39,Redistributed budget across campaigns,95%,Implemented successfully,2024-07-29,Sarah M.
Gamma Brand,Bing,2024-03-16,FN_Conversion_Seasonal_Nov23,Added 37 negative keywords,Created 3 new ad groups,96%,Under observation,2024-03-16,Mike R.
Vector Holdings,Social,2024-05-25,KO_Brand_Special_Apr24,Paused creative Version 2 and launched new variant,Created 3 new ad variations,93%,Implemented successfully,2024-05-25,Sarah M.
Sigma Corp,SEM,2024-01-01,PZR_Prospecting_Special_Jun23,Adjusted Tablet device bid by -15%,Modified CPC target from $5 to $6,97%,Implemented successfully,2024-01-01,Sarah M.
Alpha Group,Bing,2024-08-28,GW_Conversion_Special_Aug24,Adjusted daily budget from $287 to $300,Daily budget adjusted from $200 to $300,94%,Under observation,2024-08-28,Alex K.
Nova Technologies,Bing,2024-05-28,BRI_Prospecting_Value_Sep24,Paused creative Version 5 and launched new variant,Created 3 new ad variations,89%,Under observation,2024-05-28,Sarah M.
Apex Select,SEM,2023-12-14,LYY_Retargeting_Premium_Aug22,Updated CPA target from $49 to $28,Redistributed budget across campaigns,96%,Under observation,2023-12-14,Sarah M.
Vector Direct,Social,2024-07-21,NRI_Retargeting_Special_Mar24,Paused creative Version 3 and launched new variant,Created 3 new ad variations,93%,Implemented successfully,2024-07-21,Mike R.
Core Select,Bing,2024-05-29,WWJ_Brand_General_Dec23,Paused creative Version 5 and launched new variant,Updated ad copy and CTAs,97%,Implemented successfully,2024-05-29,Sarah M.
Vector Direct,Social,2024-05-18,NRI_Prospecting_General_May22,Updated CPA target from $97 to $20,Daily budget adjusted from $200 to $300,99%,Under observation,2024-05-18,John D.
Nova Technologies,SEM,2024-02-08,BRI_Engagement_General_Dec22,Created 2 new ad groups with focused keywords,Updated campaign targeting settings,92%,Under observation,2024-02-08,Mike R.
Gamma Ventures,SEM,2024-07-26,QK_Brand_Value_Q122,Paused creative Version 4 and launched new variant,Created 3 new ad variations,92%,Under observation,2024-07-26,Alex K.
Alpha Corp,SEM,2024-09-12,BF_Retargeting_Premium_Feb24,Increased bid for top performing keywords by 15%,"Previous bid: $1.50, New bid: $2.00",97%,Under observation,2024-09-12,Alex K.
Nexus Holdings,Social,2024-03-13,LH_Conversion_General_Sep24,Decreased bid for age group 45-54 by -15%,"Previous bid: $1.50, New bid: $2.00",98%,Under observation,2024-03-13,Alex K.
Core Select,Social,2024-11-09,WWJ_Retargeting_Special_Q223,Added 47 negative keywords,Added 25 negative keywords,92%,Under observation,2024-11-09,Sarah M.
Sigma Media,Bing,2024-08-17,RG_Conversion_Special_Aug24,Created 3 new ad groups with focused keywords,Updated campaign targeting settings,88%,Under observation,2024-08-17,Alex K.
Alpha Group,Social,2024-01-10,YUH_Conversion_Special_Aug22,Increased bid for top performing keywords by 25%,Modified CPC target from $5 to $6,85%,Implemented successfully,2024-01-10,Emma L.
Vector Direct,Bing,2023-12-16,NRI_Retargeting_Special_Dec23,Updated CPA target from $49 to $81,Redistributed budget across campaigns,96%,Under observation,2023-12-16,Alex K.
Sigma Media,Social,2024-04-02,RG_Retargeting_Value_Mar22,Paused ad group Group 1 due to high CPA,Created 3 new ad groups,98%,Under observation,2024-04-02,John D.
Gamma Brand,Bing,2024-06-03,GDC_Awareness_Value_Oct24,Adjusted Desktop device bid by 5%,Adjusted age targeting by +10%,88%,Under observation,2024-06-03,Alex K.
Beta Media,Social,2024-09-08,VBI_Brand_Premium_Dec24,Created 5 new ad variations for testing,Created 3 new ad variations,98%,Under observation,2024-09-08,Alex K.
Vector Holdings,Bing,2024-09-05,KO_Retargeting_Seasonal_Q422,Updated CPA target from $59 to $93,Redistributed budget across campaigns,97%,Implemented successfully,2024-09-05,John D.
Gamma Direct,SEM,2024-01-14,HP_Prospecting_Premium_Sep22,Created 4 new ad groups with focused keywords,Updated campaign targeting settings,86%,Under observation,2024-01-14,John D.
Iris Group,Social,2024-09-26,YC_Awareness_Value_Apr23,Paused creative Version 3 and launched new variant,Created 3 new ad variations,96%,Under observation,2024-09-26,John D.
Echo Ventures,Bing,2024-11-22,ESJ_Retargeting_Premium_Feb24,Adjusted daily budget from $427 to $353,Redistributed budget across campaigns,85%,Under observation,2024-11-22,Alex K.
Echo Brand,Bing,2024-09-25,BW_Engagement_Seasonal_Jul24,Adjusted Mobile device bid by 10%,"Previous bid: $1.50, New bid: $2.00",86%,Under observation,2024-09-25,John D.
Alpha Corp,Social,2024-06-15,BF_Brand_General_Jun23,Updated CPA target from $71 to $95,Daily budget adjusted from $200 to $300,85%,Implemented successfully,2024-06-15,John D.
Iris Group,Social,2024-05-19,YC_Prospecting_Seasonal_Nov23,Adjusted daily budget from $332 to $306,Daily budget adjusted from $200 to $300,93%,Under observation,2024-05-19,Alex K.
Sigma Media,SEM,2024-05-16,RG_Engagement_Premium_Jul22,Updated CPA target from $88 to $93,Redistributed budget across campaigns,99%,Implemented successfully,2024-05-16,Alex K.
Vector Holdings,Bing,2024-07-15,KO_Awareness_Value_May23,Adjusted daily budget from $346 to $159,Redistributed budget across campaigns,87%,Under observation,2024-07-15,Sarah M.
Gamma Direct,Bing,2024-05-22,HP_Engagement_Premium_Apr24,Paused creative Version 3 and launched new variant,Created 3 new ad variations,94%,Under observation,2024-05-22,Mike R.
Beta Global,Social,2024-05-02,BPN_Engagement_Seasonal_Jan23,Created 3 new ad variations for testing,Created 3 new ad variations,100%,Implemented successfully,2024-05-02,Sarah M.
Vector Partners,SEM,2024-03-20,NGX_Retargeting_Seasonal_Q423,Paused ad group Group 5 due to high CPA,Created 3 new ad groups,89%,Implemented successfully,2024-03-20,John D.
Iris Group,SEM,2024-08-27,YC_Prospecting_Special_Jun23,Decreased bid for age group 35-44 by -5%,Adjusted age targeting by +10%,100%,Implemented successfully,2024-08-27,Alex K.
Omega Solutions,Social,2024-08-11,TO_Conversion_Value_Jan22,Paused ad group Group 5 due to high CPA,Added 25 negative keywords,86%,Under observation,2024-08-11,Emma L.
Vector Holdings,Bing,2024-06-12,KO_Brand_Special_Q122,Adjusted daily budget from $334 to $161,Redistributed budget across campaigns,95%,Under observation,2024-06-12,John D.
Alpha Industries,Social,2024-05-08,YD_Brand_Premium_Dec24,Decreased bid for age group 25-34 by -5%,Adjusted age targeting by +10%,92%,Under observation,2024-05-08,Alex K.
Prime Direct,Social,2024-08-05,UWK_Engagement_General_Jul22,Created 4 new ad groups with focused keywords,Created 3 new ad groups,97%,Under observation,2024-08-05,Sarah M.
Orion Systems,SEM,2024-04-10,FSG_Retargeting_General_Nov22,Decreased bid for age group 45-54 by -15%,"Previous bid: $1.50, New bid: $2.00",89%,Under observation,2024-04-10,John D.
Core Select,Bing,2024-01-31,WWJ_Engagement_Seasonal_Jul24,Created 5 new ad variations for testing,Updated ad copy and CTAs,93%,Under observation,2024-01-31,Alex K.
Nexus International,SEM,2024-11-11,EF_Prospecting_Seasonal_Q224,Increased bid for top performing keywords by 15%,Adjusted age targeting by +10%,88%,Under observation,2024-11-11,Mike R.
Beta Media,Bing,2024-09-05,VBI_Brand_Seasonal_Q424,Updated CPA target from $64 to $22,Redistributed budget across campaigns,88%,Under observation,2024-09-05,Alex K.
Sigma Corp,Social,2024-05-23,PZR_Awareness_Special_Aug24,Updated CPA target from $77 to $30,Redistributed budget across campaigns,94%,Under observation,2024-05-23,Sarah M.
Alpha Corp,Bing,2024-10-12,BF_Awareness_Value_Sep23,Created 2 new ad variations for testing,Created 3 new ad variations,90%,Under observation,2024-10-12,Mike R.
Peak Technologies,Bing,2024-09-28,XF_Conversion_Value_Jan22,Updated CPA target from $76 to $66,Redistributed budget across campaigns,98%,Under observation,2024-09-28,John D.
Orion Systems,Bing,2024-11-16,FSG_Engagement_Premium_May24,Adjusted daily budget from $185 to $303,Daily budget adjusted from $200 to $300,88%,Under observation,2024-11-16,Emma L.
Nexus International,SEM,2024-08-18,EF_Retargeting_Value_Nov23,Created 3 new ad variations for testing,Created 3 new ad variations,97%,Under observation,2024-08-18,Sarah M.
Echo Brand,Bing,2024-01-30,BW_Brand_Seasonal_Q322,Paused ad group Group 1 due to high CPA,Added 25 negative keywords,96%,Implemented successfully,2024-01-30,Mike R.
Vector Holdings,Social,2024-08-30,KO_Conversion_Special_Q123,Adjusted daily budget from $402 to $405,Redistributed budget across campaigns,98%,Under observation,2024-08-30,Alex K.
Omega Global,SEM,2024-08-26,PDD_Conversion_Value_Q222,Paused creative Version 4 and launched new variant,Updated ad copy and CTAs,96%,Under observation,2024-08-26,Sarah M.
Omega Global,SEM,2024-08-17,PDD_Awareness_Special_Oct24,Decreased bid for age group 45-54 by -5%,"Previous bid: $1.50, New bid: $2.00",100%,Implemented successfully,2024-08-17,Emma L.
Omega Global,Bing,2024-04-21,PDD_Conversion_General_May23,Paused creative Version 5 and launched new variant,Updated ad copy and CTAs,91%,Under observation,2024-04-21,Alex K.
Apex Systems,Bing,2024-02-15,WZH_Awareness_General_Apr24,Added 34 negative keywords,Created 3 new ad groups,92%,Under observation,2024-02-15,Emma L.
Vector Partners,Bing,2024-10-21,NGX_Engagement_Special_Sep23,Updated CPA target from $72 to $44,Daily budget adjusted from $200 to $300,90%,Under observation,2024-10-21,John D.
Sigma Solutions,Bing,2024-11-16,CL_Conversion_Value_Q124,Adjusted daily budget from $264 to $109,Daily budget adjusted from $200 to $300,86%,Implemented successfully,2024-11-16,John D.
Core Select,SEM,2024-04-09,WWJ_Engagement_General_Apr23,Updated CPA target from $21 to $49,Daily budget adjusted from $200 to $300,89%,Under observation,2024-04-09,Sarah M.
Prime Direct,Social,2024-08-05,UWK_Awareness_Seasonal_Q124,Adjusted daily budget from $269 to $141,Daily budget adjusted from $200 to $300,86%,Under observation,2024-08-05,Emma L.
Beta Global,Social,2024-03-01,BPN_Prospecting_Special_Q423,Created 2 new ad groups with focused keywords,Added 25 negative keywords,92%,Under observation,2024-03-01,Emma L.
Vector Partners,Bing,2024-07-16,NGX_Retargeting_General_Mar24,Paused ad group Group 5 due to high CPA,Updated campaign targeting settings,91%,Under observation,2024-07-16,Mike R.
Peak Technologies,Bing,2024-08-31,XF_Conversion_Value_Oct23,Decreased bid for age group 45-54 by -5%,Adjusted age targeting by +10%,91%,Under observation,2024-08-31,John D.
Alpha Industries,Social,2024-10-13,YD_Retargeting_Value_Feb22,Paused ad group Group 2 due to high CPA,Created 3 new ad groups,88%,Under observation,2024-10-13,Sarah M.
Gamma Brand,Bing,2024-11-10,GDC_Engagement_Seasonal_May23,Created 2 new ad variations for testing,Created 3 new ad variations,90%,Under observation,2024-11-10,Alex K.
Prime Direct,Bing,2024-05-24,UWK_Engagement_Seasonal_May23,Adjusted Tablet device bid by -15%,"Previous bid: $1.50, New bid: $2.00",100%,Under observation,2024-05-24,Alex K.
Quantum Select,Bing,2023-12-04,WZ_Retargeting_Seasonal_Dec23,Created 3 new ad groups with focused keywords,Created 3 new ad groups,86%,Under observation,2023-12-04,Emma L.
Echo Brand,SEM,2024-09-09,BW_Engagement_Seasonal_Sep23,Created 4 new ad groups with focused keywords,Updated campaign targeting settings,99%,Under observation,2024-09-09,Alex K.
Alpha Corp,Social,2024-07-11,BF_Prospecting_Special_Q423,Created 4 new ad groups with focused keywords,Created 3 new ad groups,85%,Implemented successfully,2024-07-11,Alex K.
Echo Ventures,Social,2024-10-06,ESJ_Brand_Special_Q122,Adjusted Mobile device bid by -5%,Modified CPC target from $5 to $6,87%,Under observation,2024-10-06,Alex K.
Echo Ventures,SEM,2024-09-01,ESJ_Brand_Premium_Dec24,Created 4 new ad variations for testing,Updated ad copy and CTAs,95%,Under observation,2024-09-01,Alex K.
Beta Global,SEM,2024-02-23,BPN_Brand_Value_Q424,Paused ad group Group 4 due to high CPA,Added 25 negative keywords,88%,Under observation,2024-02-23,Emma L.
Core Global,SEM,2024-05-29,AYN_Conversion_General_Sep24,Adjusted Mobile device bid by -15%,"Previous bid: $1.50, New bid: $2.00",100%,Implemented successfully,2024-05-29,John D.
Sigma Solutions,Bing,2024-09-04,CL_Awareness_Special_Q223,Updated CPA target from $27 to $98,Redistributed budget across campaigns,86%,Implemented successfully,2024-09-04,Mike R.
Beta Global,Bing,2024-01-14,BPN_Conversion_General_May23,Adjusted Desktop device bid by -10%,"Previous bid: $1.50, New bid: $2.00",92%,Under observation,2024-01-14,Sarah M.
Atlas Industries,Social,2024-11-03,FR_Brand_Seasonal_Aug22,Updated CPA target from $33 to $41,Daily budget adjusted from $200 to $300,97%,Under observation,2024-11-03,Sarah M.
Iris Enterprises,Social,2024-08-31,YCZ_Conversion_Value_Jul23,Updated CPA target from $72 to $75,Redistributed budget across campaigns,92%,Under observation,2024-08-31,Sarah M.
Echo Ventures,Social,2024-07-12,ESJ_Conversion_Value_Jan22,Adjusted daily budget from $471 to $117,Redistributed budget across campaigns,85%,Under observation,2024-07-12,Mike R.
Gamma Brand,Social,2024-03-12,FN_Retargeting_Seasonal_Mar24,Added 27 negative keywords,Updated campaign targeting settings,89%,Under observation,2024-03-12,Emma L.
Quantum Select,Social,2024-04-07,WZ_Brand_General_Oct22,Paused ad group Group 2 due to high CPA,Created 3 new ad groups,94%,Under observation,2024-04-07,Emma L.
Alpha Industries,SEM,2024-07-28,YD_Brand_Special_Apr24,Adjusted daily budget from $404 to $428,Redistributed budget across campaigns,86%,Implemented successfully,2024-07-28,Alex K.
Echo Ventures,Social,2024-05-13,ESJ_Prospecting_Special_Q423,Decreased bid for age group 45-54 by -15%,"Previous bid: $1.50, New bid: $2.00",85%,Under observation,2024-05-13,Emma L.
Nexus International,Bing,2024-05-05,EF_Conversion_General_Dec23,Increased bid for top performing keywords by 15%,Modified CPC target from $5 to $6,92%,Under observation,2024-05-05,Emma L.
Iris Enterprises,Social,2024-07-02,YCZ_Conversion_Premium_Jul22,Created 3 new ad groups with focused keywords,Added 25 negative keywords,95%,Under observation,2024-07-02,Alex K.
Nexus International,Social,2024-01-06,EF_Brand_Value_May23,Updated CPA target from $36 to $37,Redistributed budget across campaigns,91%,Under observation,2024-01-06,Alex K.
Sigma Corp,Social,2023-12-30,PZR_Brand_Special_Q122,Created 4 new ad groups with focused keywords,Updated campaign targeting settings,87%,Under observation,2023-12-30,Emma L.
Apex Systems,Social,2024-02-29,WZH_Awareness_Special_Oct24,Adjusted daily budget from $494 to $256,Daily budget adjusted from $200 to $300,96%,Under observation,2024-02-29,Emma L.
Apex Select,SEM,2024-03-22,LYY_Conversion_Special_Aug24,Decreased bid for age group 25-34 by -5%,"Previous bid: $1.50, New bid: $2.00",88%,Implemented successfully,2024-03-22,Sarah M.
Apex Select,Bing,2024-05-17,LYY_Engagement_Premium_Jul22,Increased bid for top performing keywords by 15%,Adjusted age targeting by +10%,100%,Under observation,2024-05-17,Sarah M.
Alpha Industries,Social,2024-08-30,YD_Awareness_Seasonal_Jun24,Adjusted daily budget from $455 to $457,Daily budget adjusted from $200 to $300,97%,Under observation,2024-08-30,Alex K.
Alpha Group,Social,2023-12-24,DDT_Brand_Value_Q424,Added 49 negative keywords,Created 3 new ad groups,86%,Under observation,2023-12-24,John D.
Beta Global,Bing,2024-10-28,BPN_Prospecting_General_Q422,Adjusted daily budget from $109 to $249,Redistributed budget across campaigns,92%,Implemented successfully,2024-10-28,Alex K.
Sigma Media,Bing,2024-09-24,RG_Awareness_Value_Apr23,Paused creative Version 2 and launched new variant,Updated ad copy and CTAs,85%,Under observation,2024-09-24,Alex K.
Omega Global,Bing,2024-06-12,PDD_Engagement_General_Dec22,Paused creative Version 3 and launched new variant,Updated ad copy and CTAs,96%,Under observation,2024-06-12,Sarah M.
Nova Technologies,Social,2024-10-09,BRI_Conversion_Value_Mar23,Increased bid for top performing keywords by 25%,Adjusted age targeting by +10%,92%,Under observation,2024-10-09,Emma L.
Orion Systems,Bing,2024-08-16,FSG_Brand_Premium_Dec24,Paused creative Version 4 and launched new variant,Created 3 new ad variations,89%,Under observation,2024-08-16,Mike R.
Prime Direct,Bing,2024-03-08,UWK_Prospecting_Special_Q122,Added 44 negative keywords,Updated campaign targeting settings,91%,Implemented successfully,2024-03-08,Mike R.
Vector Direct,Bing,2024-02-06,NRI_Conversion_General_Dec23,Paused creative Version 3 and launched new variant,Created 3 new ad variations,88%,Under observation,2024-02-06,Sarah M.
Nexus Holdings,Social,2024-06-21,LH_Retargeting_Value_Jul24,Created 3 new ad variations for testing,Created 3 new ad variations,88%,Under observation,2024-06-21,John D.
Omega Solutions,Bing,2024-03-21,TO_Retargeting_Premium_Q323,Created 2 new ad groups with focused keywords,Updated campaign targeting settings,100%,Under observation,2024-03-21,Alex K.
Vector Holdings,Social,2024-06-09,KO_Retargeting_Seasonal_Q222,Paused ad group Group 2 due to high CPA,Added 25 negative keywords,92%,Under observation,2024-06-09,John D.
Omega Solutions,SEM,2024-11-01,TO_Awareness_Value_Mar23,Paused ad group Group 1 due to high CPA,Added 25 negative keywords,99%,Implemented successfully,2024-11-01,Emma L.
Peak Technologies,Social,2024-06-29,XF_Brand_Special_Q122,Paused ad group Group 5 due to high CPA,Updated campaign targeting settings,97%,Implemented successfully,2024-06-29,Emma L.
Vector Direct,Social,2024-07-12,NRI_Brand_Special_Jun23,Increased bid for top performing keywords by 10%,Modified CPC target from $5 to $6,97%,Implemented successfully,2024-07-12,John D.
Echo Ventures,Social,2024-04-21,ESJ_Conversion_Value_Jan22,Created 4 new ad groups with focused keywords,Created 3 new ad groups,90%,Under observation,2024-04-21,Alex K.
Nexus International,Social,2024-10-19,EF_Engagement_Value_Q322,Paused creative Version 2 and launched new variant,Created 3 new ad variations,97%,Under observation,2024-10-19,Emma L.
Nexus Holdings,Bing,2024-09-21,LH_Brand_Value_Q424,Created 2 new ad variations for testing,Updated ad copy and CTAs,95%,Under observation,2024-09-21,Sarah M.
Gamma Ventures,Social,2024-11-19,QK_Retargeting_Value_Nov23,Decreased bid for age group 18-24 by -5%,Modified CPC target from $5 to $6,97%,Implemented successfully,2024-11-19,Alex K.
Alpha Corp,SEM,2023-12-16,BF_Retargeting_Seasonal_Q324,Paused creative Version 2 and launched new variant,Created 3 new ad variations,90%,Implemented successfully,2023-12-16,John D.
Atlas Industries,Social,2024-07-09,FR_Prospecting_Premium_Q323,Adjusted daily budget from $160 to $167,Daily budget adjusted from $200 to $300,85%,Under observation,2024-07-09,Mike R.
Gamma Brand,Bing,2024-08-05,OS_Conversion_Value_Q222,Paused creative Version 5 and launched new variant,Updated ad copy and CTAs,92%,Under observation,2024-08-05,Emma L.
Sigma Solutions,Bing,2024-01-03,CL_Engagement_Seasonal_Jan22,Paused creative Version 2 and launched new variant,Updated ad copy and CTAs,91%,Under observation,2024-01-03,Sarah M.
Nexus International,SEM,2024-02-06,EF_Brand_Premium_Q424,Adjusted Tablet device bid by -5%,Adjusted age targeting by +10%,87%,Under observation,2024-02-06,Emma L.
Core Select,Bing,2024-10-01,WWJ_Retargeting_Value_Jul22,Adjusted daily budget from $333 to $483,Redistributed budget across campaigns,86%,Under observation,2024-10-01,Mike R.
Peak Technologies,Social,2023-12-28,XF_Engagement_Special_Jan22,Paused creative Version 3 and launched new variant,Updated ad copy and CTAs,89%,Under observation,2023-12-28,Mike R.
Prime Direct,SEM,2024-11-14,UWK_Brand_Premium_Dec24,Paused ad group Group 1 due to high CPA,Updated campaign targeting settings,87%,Under observation,2024-11-14,Alex K.
Echo Brand,Bing,2024-04-04,BW_Brand_Seasonal_Q224,Updated CPA target from $36 to $98,Redistributed budget across campaigns,100%,Under observation,2024-04-04,Sarah M.
Gamma Direct,SEM,2023-11-24,HP_Retargeting_Premium_Q323,Created 2 new ad groups with focused keywords,Updated campaign targeting settings,91%,Implemented successfully,2023-11-24,Emma L.
Atlas Industries,Bing,2024-05-21,FR_Conversion_Value_Q222,Adjusted daily budget from $105 to $427,Daily budget adjusted from $200 to $300,94%,Under observation,2024-05-21,John D.
Omega Global,SEM,2023-11-27,PDD_Conversion_Special_Aug24,Updated CPA target from $63 to $70,Daily budget adjusted from $200 to $300,90%,Under observation,2023-11-27,Mike R.
Vector Holdings,SEM,2024-10-19,KO_Retargeting_Seasonal_Q422,Increased bid for top performing keywords by 20%,Modified CPC target from $5 to $6,95%,Under observation,2024-10-19,Emma L.
Nexus International,Bing,2024-09-03,EF_Retargeting_Special_Jul23,Adjusted daily budget from $395 to $450,Redistributed budget across campaigns,96%,Under observation,2024-09-03,Sarah M.
Omega Solutions,Bing,2024-06-03,TO_Engagement_Special_Sep23,Adjusted daily budget from $392 to $410,Redistributed budget across campaigns,90%,Under observation,2024-06-03,Mike R.
Peak Technologies,SEM,2024-06-22,XF_Retargeting_General_Jan23,Adjusted daily budget from $290 to $331,Redistributed budget across campaigns,91%,Under observation,2024-06-22,Sarah M.
Gamma Ventures,SEM,2024-03-06,QK_Retargeting_Value_Jul24,Adjusted Mobile device bid by 5%,Modified CPC target from $5 to $6,89%,Under observation,2024-03-06,Emma L.
Vector Direct,SEM,2024-02-05,NRI_Prospecting_Premium_Q224,Adjusted daily budget from $205 to $470,Daily budget adjusted from $200 to $300,99%,Under observation,2024-02-05,Alex K.
Gamma Ventures,Bing,2023-12-16,QK_Prospecting_Special_Jun23,Adjusted daily budget from $270 to $339,Daily budget adjusted from $200 to $300,88%,Under observation,2023-12-16,Mike R.
Nexus Holdings,SEM,2024-05-06,LH_Prospecting_Seasonal_Sep24,Created 4 new ad groups with focused keywords,Updated campaign targeting settings,95%,Implemented successfully,2024-05-06,John D.
Omega Solutions,SEM,2024-04-12,TO_Awareness_Value_Jun22,Added 45 negative keywords,Updated campaign targeting settings,88%,Under observation,2024-04-12,Mike R.
Peak Technologies,Social,2024-11-18,XF_Awareness_Value_Sep23,Paused ad group Group 2 due to high CPA,Added 25 negative keywords,94%,Under observation,2024-11-18,Mike R.
Iris Enterprises,Social,2023-12-08,YCZ_Awareness_Special_Aug24,Paused ad group Group 1 due to high CPA,Created 3 new ad groups,86%,Under observation,2023-12-08,Emma L.
Core Select,Social,2024-05-01,WWJ_Prospecting_Special_Q423,Adjusted daily budget from $465 to $488,Daily budget adjusted from $200 to $300,99%,Under observation,2024-05-01,John D.
Sigma Solutions,Bing,2024-04-30,CL_Conversion_Seasonal_Aug24,Created 5 new ad variations for testing,Created 3 new ad variations,92%,Under observation,2024-04-30,Alex K.
Beta Media,Bing,2024-02-25,VBI_Brand_Premium_Q424,Created 4 new ad variations for testing,Updated ad copy and CTAs,100%,Under observation,2024-02-25,Emma L.
Gamma Ventures,SEM,2024-07-17,QK_Retargeting_Value_Jun23,Created 3 new ad variations for testing,Created 3 new ad variations,97%,Implemented successfully,2024-07-17,John D.
Peak Technologies,Social,2024-08-22,XF_Awareness_Premium_Jun24,Updated CPA target from $50 to $99,Daily budget adjusted from $200 to $300,90%,Implemented successfully,2024-08-22,Emma L.
Beta Global,Bing,2024-11-13,BPN_Retargeting_Special_Nov23,Created 4 new ad groups with focused keywords,Updated campaign targeting settings,92%,Under observation,2024-11-13,John D.
Core Global,Bing,2024-05-08,AYN_Conversion_Premium_Sep24,Created 3 new ad variations for testing,Updated ad copy and CTAs,97%,Under observation,2024-05-08,John D.
Echo Ventures,Bing,2024-10-19,ESJ_Prospecting_Seasonal_Q224,Paused creative Version 2 and launched new variant,Created 3 new ad variations,85%,Implemented successfully,2024-10-19,Sarah M.
Iris Enterprises,Bing,2024-10-04,YCZ_Awareness_Premium_Jul23,Paused creative Version 2 and launched new variant,Updated ad copy and CTAs,94%,Under observation,2024-10-04,Mike R.
Apex Systems,SEM,2024-09-17,WZH_Brand_Premium_Dec24,Adjusted Desktop device bid by -10%,Adjusted age targeting by +10%,86%,Under observation,2024-09-17,Alex K.
Nexus International,Social,2024-01-19,EF_Retargeting_Seasonal_Oct24,Adjusted daily budget from $220 to $321,Redistributed budget across campaigns,95%,Implemented successfully,2024-01-19,Emma L.
Echo Ventures,SEM,2024-10-28,ESJ_Retargeting_Seasonal_Q222,Paused ad group Group 2 due to high CPA,Updated campaign targeting settings,97%,Implemented successfully,2024-10-28,Mike R.
Atlas Industries,SEM,2024-11-01,FR_Conversion_Special_Q123,Adjusted daily budget from $136 to $431,Daily budget adjusted from $200 to $300,89%,Implemented successfully,2024-11-01,Emma L.
Apex Systems,Bing,2024-02-02,WZH_Conversion_Value_Q222,Decreased bid for age group 45-54 by -5%,Modified CPC target from $5 to $6,98%,Under observation,2024-02-02,Emma L.
Nova Technologies,Social,2024-06-07,BRI_Prospecting_Seasonal_Nov23,Paused creative Version 4 and launched new variant,Created 3 new ad variations,100%,Implemented successfully,2024-06-07,Sarah M.
Nova Technologies,Bing,2024-08-29,BRI_Brand_Premium_May24,Paused creative Version 1 and launched new variant,Updated ad copy and CTAs,96%,Under observation,2024-08-29,Emma L.
Iris Group,Bing,2024-07-19,YC_Engagement_Premium_May24,Adjusted daily budget from $225 to $341,Daily budget adjusted from $200 to $300,94%,Under observation,2024-07-19,Mike R.
Gamma Brand,Social,2024-08-12,OS_Awareness_Value_Sep23,Created 5 new ad variations for testing,Updated ad copy and CTAs,94%,Under observation,2024-08-12,John D.
Omega Global,Social,2024-10-11,PDD_Awareness_Premium_Jun22,Increased bid for top performing keywords by 25%,"Previous bid: $1.50, New bid: $2.00",94%,Implemented successfully,2024-10-11,Alex K.
Nexus Holdings,SEM,2024-01-05,LH_Retargeting_Seasonal_Apr23,Paused creative Version 3 and launched new variant,Updated ad copy and CTAs,89%,Under observation,2024-01-05,Mike R.
Beta Media,SEM,2024-09-28,VBI_Brand_Value_Q122,Adjusted Mobile device bid by 15%,Adjusted age targeting by +10%,96%,Implemented successfully,2024-09-28,Mike R.
Vector Partners,SEM,2024-08-20,NGX_Prospecting_Value_Q322,Paused ad group Group 2 due to high CPA,Updated campaign targeting settings,89%,Implemented successfully,2024-08-20,Emma L.
Echo Ventures,SEM,2024-10-15,ESJ_Engagement_General_Jul22,Created 2 new ad variations for testing,Updated ad copy and CTAs,88%,Under observation,2024-10-15,Emma L.
Beta International,Bing,2024-07-24,FX_Awareness_Seasonal_Oct23,Adjusted daily budget from $294 to $449,Redistributed budget across campaigns,100%,Under observation,2024-07-24,Alex K.
Apex Systems,Social,2024-07-10,WZH_Conversion_General_Jun23,Updated CPA target from $87 to $25,Daily budget adjusted from $200 to $300,96%,Implemented successfully,2024-07-10,Emma L.
Omega Solutions,SEM,2024-04-08,TO_Conversion_Seasonal_Dec24,Updated CPA target from $79 to $50,Daily budget adjusted from $200 to $300,95%,Under observation,2024-04-08,Sarah M.
Peak Technologies,SEM,2023-12-28,XF_Retargeting_Value_Dec23,Increased bid for top performing keywords by 25%,"Previous bid: $1.50, New bid: $2.00",99%,Under observation,2023-12-28,Mike R.
Beta Media,Bing,2023-12-06,VBI_Engagement_Value_Q322,Increased bid for top performing keywords by 25%,Modified CPC target from $5 to $6,91%,Implemented successfully,2023-12-06,John D.
Gamma Ventures,Bing,2024-06-03,QK_Brand_Value_Aug22,Added 46 negative keywords,Added 25 negative keywords,88%,Under observation,2024-06-03,Mike R.
Echo Brand,Social,2024-10-16,BW_Prospecting_Value_Oct24,Decreased bid for age group 65+ by -5%,Adjusted age targeting by +10%,93%,Under observation,2024-10-16,John D.
Omega Solutions,Social,2024-06-09,TO_Prospecting_Seasonal_Q224,Created 4 new ad variations for testing,Created 3 new ad variations,99%,Under observation,2024-06-09,Sarah M.
Beta International,SEM,2024-01-18,FX_Retargeting_Premium_Oct22,Created 3 new ad variations for testing,Created 3 new ad variations,99%,Implemented successfully,2024-01-18,John D.
Alpha Group,Bing,2024-09-11,VQW_Awareness_Special_Mar22,Decreased bid for age group 18-24 by -10%,"Previous bid: $1.50, New bid: $2.00",85%,Implemented successfully,2024-09-11,Emma L.
Omega Solutions,Bing,2024-06-11,TO_Brand_Value_Jan22,Updated CPA target from $81 to $75,Redistributed budget across campaigns,87%,Under observation,2024-06-11,John D.
Echo Ventures,Bing,2024-09-09,ESJ_Prospecting_Seasonal_Jun24,Decreased bid for age group 65+ by -10%,Adjusted age targeting by +10%,86%,Under observation,2024-09-09,John D.
Sigma Holdings,Social,2024-07-16,EY_Engagement_Value_Q124,Increased bid for top performing keywords by 10%,Modified CPC target from $5 to $6,86%,Implemented successfully,2024-07-16,Sarah M.
Omega Global,Bing,2024-10-11,PDD_Prospecting_Seasonal_Jun24,Decreased bid for age group 18-24 by -5%,Adjusted age targeting by +10%,91%,Under observation,2024-10-11,Sarah M.
Nexus Holdings,SEM,2024-06-10,LH_Prospecting_General_May22,Created 5 new ad variations for testing,Updated ad copy and CTAs,85%,Under observation,2024-06-10,John D.
Prime Direct,SEM,2024-01-23,UWK_Conversion_Value_Q222,Created 3 new ad variations for testing,Created 3 new ad variations,87%,Under observation,2024-01-23,Sarah M.
Core Global,SEM,2024-10-05,AYN_Retargeting_Premium_Aug23,Paused creative Version 1 and launched new variant,Created 3 new ad variations,86%,Implemented successfully,2024-10-05,John D.
Sigma Solutions,SEM,2024-01-17,CL_Retargeting_General_Jan23,Adjusted Tablet device bid by -10%,"Previous bid: $1.50, New bid: $2.00",91%,Under observation,2024-01-17,Emma L.
Peak Technologies,SEM,2024-05-06,XF_Brand_Value_Aug22,Paused ad group Group 5 due to high CPA,Added 25 negative keywords,95%,Under observation,2024-05-06,Mike R.
Apex Select,Social,2024-11-14,LYY_Conversion_Special_Jul22,Paused ad group Group 4 due to high CPA,Added 25 negative keywords,86%,Under observation,2024-11-14,Alex K.
Echo Ventures,SEM,2024-07-30,ESJ_Retargeting_Seasonal_Feb24,Increased bid for top performing keywords by 10%,"Previous bid: $1.50, New bid: $2.00",94%,Under observation,2024-07-30,Emma L.
Orion Systems,Social,2024-10-16,FSG_Engagement_General_Jun24,Created 5 new ad groups with focused keywords,Added 25 negative keywords,90%,Under observation,2024-10-16,John D.
Core Select,Social,2024-10-10,WWJ_Prospecting_Special_Apr24,Decreased bid for age group 18-24 by -5%,"Previous bid: $1.50, New bid: $2.00",91%,Under observation,2024-10-10,Alex K.
Sigma Media,Bing,2024-07-18,RG_Conversion_Special_Aug22,Paused ad group Group 3 due to high CPA,Added 25 negative keywords,91%,Under observation,2024-07-18,Sarah M.
Vector Holdings,Bing,2024-02-13,KO_Retargeting_Special_Mar24,Paused ad group Group 3 due to high CPA,Created 3 new ad groups,91%,Under observation,2024-02-13,Mike R.
Sigma Solutions,Bing,2023-12-20,CL_Brand_General_Mar23,Increased bid for top performing keywords by 5%,Adjusted age targeting by +10%,88%,Under observation,2023-12-20,Sarah M.
Iris Enterprises,Bing,2024-03-04,YCZ_Conversion_General_Jun23,Created 3 new ad variations for testing,Created 3 new ad variations,95%,Under observation,2024-03-04,Sarah M.
Atlas Industries,SEM,2024-03-15,FR_Conversion_Special_Aug24,Created 2 new ad variations for testing,Updated ad copy and CTAs,89%,Under observation,2024-03-15,Alex K.
Sigma Solutions,SEM,2024-06-02,CL_Awareness_Value_May23,Paused creative Version 3 and launched new variant,Updated ad copy and CTAs,91%,Under observation,2024-06-02,John D.
Nexus International,Social,2024-01-19,EF_Awareness_Value_May23,Created 3 new ad groups with focused keywords,Created 3 new ad groups,92%,Implemented successfully,2024-01-19,Alex K.
Alpha Corp,Social,2024-01-07,BF_Brand_General_Mar23,Added 41 negative keywords,Added 25 negative keywords,100%,Implemented successfully,2024-01-07,Mike R.
Gamma Brand,Social,2024-03-29,OS_Conversion_Special_Oct24,Added 24 negative keywords,Updated campaign targeting settings,89%,Implemented successfully,2024-03-29,John D.
Atlas Industries,Bing,2024-07-21,FR_Retargeting_Value_Mar22,Adjusted Mobile device bid by 5%,Modified CPC target from $5 to $6,97%,Under observation,2024-07-21,John D.
Iris Enterprises,Bing,2024-01-05,YCZ_Awareness_Seasonal_Oct23,Paused ad group Group 4 due to high CPA,Added 25 negative keywords,89%,Under observation,2024-01-05,Sarah M.
Iris Group,Social,2024-10-31,YC_Brand_Special_Q223,Created 2 new ad variations for testing,Updated ad copy and CTAs,99%,Implemented successfully,2024-10-31,Emma L.
Core Select,Bing,2024-11-18,WWJ_Brand_Value_Jan22,Paused creative Version 4 and launched new variant,Updated ad copy and CTAs,86%,Under observation,2024-11-18,Mike R.
Alpha Industries,Bing,2023-12-22,YD_Awareness_Special_Aug24,Updated CPA target from $26 to $34,Redistributed budget across campaigns,96%,Under observation,2023-12-22,John D.
Sigma Holdings,Bing,2024-10-20,EY_Retargeting_General_May24,Paused ad group Group 5 due to high CPA,Updated campaign targeting settings,91%,Under observation,2024-10-20,Mike R.
Vector Partners,Bing,2024-09-16,NGX_Engagement_General_Jul22,Paused creative Version 3 and launched new variant,Updated ad copy and CTAs,93%,Under observation,2024-09-16,Emma L.
Omega Solutions,Social,2024-06-01,TO_Brand_Seasonal_Jun24,Decreased bid for age group 55-64 by -5%,"Previous bid: $1.50, New bid: $2.00",100%,Implemented successfully,2024-06-01,Alex K.
Echo Brand,Bing,2024-11-02,BW_Brand_Seasonal_Q424,Adjusted daily budget from $196 to $334,Daily budget adjusted from $200 to $300,87%,Under observation,2024-11-02,Sarah M.
Echo Brand,Social,2024-02-16,BW_Prospecting_General_Sep23,Adjusted Mobile device bid by 5%,"Previous bid: $1.50, New bid: $2.00",91%,Under observation,2024-02-16,John D.
Echo Brand,Social,2024-07-23,BW_Brand_Value_May22,Created 2 new ad groups with focused keywords,Created 3 new ad groups,91%,Under observation,2024-07-23,Sarah M.
Vector Direct,Social,2024-09-15,NRI_Brand_General_Dec23,Created 5 new ad variations for testing,Updated ad copy and CTAs,99%,Under observation,2024-09-15,Sarah M.
Omega Global,Social,2024-03-19,PDD_Prospecting_General_Feb22,Updated CPA target from $26 to $38,Redistributed budget across campaigns,94%,Under observation,2024-03-19,Sarah M.
Alpha Corp,Bing,2024-02-21,BF_Retargeting_Value_Jul22,Added 19 negative keywords,Added 25 negative keywords,92%,Under observation,2024-02-21,Mike R.
Orion Systems,SEM,2024-05-31,FSG_Awareness_Value_Oct24,Adjusted daily budget from $440 to $262,Redistributed budget across campaigns,89%,Under observation,2024-05-31,Alex K.
Alpha Corp,Social,2023-12-06,BF_Retargeting_General_Jan23,Increased bid for top performing keywords by 20%,Adjusted age targeting by +10%,89%,Under observation,2023-12-06,Alex K.
Nova Technologies,Social,2024-07-23,BRI_Awareness_Value_Mar23,Adjusted daily budget from $389 to $473,Redistributed budget across campaigns,95%,Under observation,2024-07-23,Emma L.
Alpha Group,SEM,2024-04-29,QJJ_Awareness_Premium_Jun24,Adjusted Mobile device bid by 5%,Adjusted age targeting by +10%,87%,Under observation,2024-04-29,Alex K.
Sigma Corp,SEM,2024-03-03,PZR_Retargeting_Premium_May23,Updated CPA target from $31 to $85,Redistributed budget across campaigns,91%,Under observation,2024-03-03,Alex K.
Nova Technologies,SEM,2024-06-14,BRI_Engagement_General_Apr23,Updated CPA target from $67 to $69,Redistributed budget across campaigns,85%,Under observation,2024-06-14,Mike R.
Omega Global,Bing,2024-03-13,PDD_Retargeting_Value_Jul24,Adjusted Desktop device bid by 5%,Adjusted age targeting by +10%,90%,Implemented successfully,2024-03-13,Emma L.
Atlas Industries,SEM,2024-02-05,FR_Conversion_Value_Apr23,Decreased bid for age group 55-64 by -10%,"Previous bid: $1.50, New bid: $2.00",97%,Under observation,2024-02-05,Emma L.
Omega Solutions,Social,2024-09-03,TO_Awareness_Seasonal_Aug24,Added 18 negative keywords,Added 25 negative keywords,90%,Implemented successfully,2024-09-03,Mike R.
Core Global,Social,2024-09-18,AYN_Retargeting_General_Apr22,Updated CPA target from $48 to $23,Daily budget adjusted from $200 to $300,89%,Under observation,2024-09-18,Emma L.
Gamma Ventures,Social,2024-02-23,QK_Prospecting_Value_Feb23,Paused creative Version 1 and launched new variant,Created 3 new ad variations,93%,Under observation,2024-02-23,John D.
Sigma Holdings,Bing,2024-04-04,EY_Conversion_Special_Aug24,Created 2 new ad variations for testing,Updated ad copy and CTAs,85%,Implemented successfully,2024-04-04,Sarah M.
Nexus International,Bing,2024-07-17,EF_Conversion_Special_Q123,Updated CPA target from $40 to $26,Redistributed budget across campaigns,96%,Under observation,2024-07-17,Mike R.
Nexus International,Bing,2024-08-21,EF_Retargeting_Premium_Dec23,Adjusted daily budget from $492 to $421,Daily budget adjusted from $200 to $300,88%,Under observation,2024-08-21,Sarah M.
Peak Technologies,Bing,2024-04-10,XF_Retargeting_General_Jan22,Updated CPA target from $32 to $88,Redistributed budget across campaigns,89%,Under observation,2024-04-10,Alex K.
Echo Brand,Social,2024-06-21,BW_Brand_Special_Q223,Paused creative Version 2 and launched new variant,Created 3 new ad variations,92%,Implemented successfully,2024-06-21,Alex K.
Vector Direct,SEM,2024-07-16,NRI_Awareness_Value_Jun23,Paused creative Version 1 and launched new variant,Updated ad copy and CTAs,96%,Under observation,2024-07-16,Mike R.
Orion Systems,Bing,2024-02-20,FSG_Conversion_Value_Apr23,Adjusted daily budget from $481 to $160,Daily budget adjusted from $200 to $300,89%,Implemented successfully,2024-02-20,Sarah M.
Gamma Direct,SEM,2024-03-10,HP_Engagement_Premium_May24,Created 2 new ad groups with focused keywords,Added 25 negative keywords,85%,Implemented successfully,2024-03-10,Emma L.
Alpha Group,Bing,2023-12-10,RV_Prospecting_Special_Jan22,Adjusted Mobile device bid by 5%,"Previous bid: $1.50, New bid: $2.00",93%,Under observation,2023-12-10,Mike R.
Gamma Brand,SEM,2024-09-27,GDC_Brand_General_Nov22,Increased bid for top performing keywords by 10%,Modified CPC target from $5 to $6,96%,Under observation,2024-09-27,Sarah M.
Omega Solutions,Bing,2024-02-14,TO_Engagement_Premium_Jan24,Adjusted daily budget from $358 to $391,Daily budget adjusted from $200 to $300,88%,Implemented successfully,2024-02-14,John D.
Vector Direct,SEM,2024-04-16,NRI_Awareness_Value_Mar23,Added 10 negative keywords,Updated campaign targeting settings,88%,Implemented successfully,2024-04-16,Alex K.
Vector Holdings,Bing,2024-07-06,KO_Awareness_Premium_Oct23,Paused ad group Group 3 due to high CPA,Created 3 new ad groups,98%,Under observation,2024-07-06,Sarah M.
Atlas Industries,Social,2024-01-26,FR_Prospecting_General_Sep23,Adjusted daily budget from $353 to $490,Redistributed budget across campaigns,94%,Under observation,2024-01-26,John D.
Iris Group,Social,2024-01-22,YC_Retargeting_Value_Jun23,Created 4 new ad variations for testing,Updated ad copy and CTAs,92%,Under observation,2024-01-22,Mike R.
Apex Systems,Bing,2024-07-24,WZH_Awareness_Premium_Apr22,Increased bid for top performing keywords by 5%,Modified CPC target from $5 to $6,100%,Under observation,2024-07-24,Emma L.
Iris Enterprises,Social,2024-02-05,YCZ_Awareness_Premium_Jun24,Adjusted Tablet device bid by -15%,Modified CPC target from $5 to $6,90%,Under observation,2024-02-05,Sarah M.
Prime Direct,SEM,2024-01-25,UWK_Brand_Seasonal_Q322,Created 5 new ad variations for testing,Updated ad copy and CTAs,93%,Implemented successfully,2024-01-25,Emma L.
Quantum Select,Bing,2024-07-29,WZ_Prospecting_Value_Aug24,Paused creative Version 4 and launched new variant,Created 3 new ad variations,88%,Under observation,2024-07-29,Emma L.
Gamma Direct,Bing,2024-01-13,HP_Conversion_Premium_Q122,Increased bid for top performing keywords by 20%,Modified CPC target from $5 to $6,85%,Implemented successfully,2024-01-13,Emma L.
Peak Technologies,Bing,2024-10-07,XF_Conversion_Premium_Sep24,Adjusted daily budget from $438 to $484,Redistributed budget across campaigns,99%,Under observation,2024-10-07,Emma L.
Core Global,Bing,2024-08-26,AYN_Retargeting_Special_Jul23,Adjusted daily budget from $320 to $160,Redistributed budget across campaigns,99%,Under observation,2024-08-26,Emma L.
Iris Enterprises,SEM,2023-12-10,YCZ_Retargeting_General_Nov22,Adjusted Desktop device bid by 15%,"Previous bid: $1.50, New bid: $2.00",100%,Under observation,2023-12-10,Mike R.
Echo Ventures,Bing,2024-09-10,ESJ_Conversion_Value_Q124,Adjusted Tablet device bid by 15%,Modified CPC target from $5 to $6,100%,Under observation,2024-09-10,Sarah M.
Nova Technologies,Social,2024-04-06,BRI_Brand_Value_Q122,Created 4 new ad variations for testing,Updated ad copy and CTAs,95%,Under observation,2024-04-06,Alex K.
Alpha Group,Bing,2024-05-20,QJJ_Brand_General_Oct22,Adjusted daily budget from $491 to $420,Redistributed budget across campaigns,97%,Under observation,2024-05-20,Mike R.
Quantum Select,Bing,2023-12-22,WZ_Retargeting_Premium_Aug23,Adjusted daily budget from $220 to $431,Redistributed budget across campaigns,87%,Implemented successfully,2023-12-22,John D.
Omega Global,SEM,2024-02-18,PDD_Engagement_Premium_Apr24,Updated CPA target from $24 to $78,Redistributed budget across campaigns,98%,Under observation,2024-02-18,Emma L.
Nexus Holdings,Social,2024-09-11,LH_Prospecting_Value_Dec23,Paused creative Version 4 and launched new variant,Created 3 new ad variations,91%,Under observation,2024-09-11,Alex K.
Prime Direct,Social,2024-05-28,UWK_Brand_Value_Q424,Updated CPA target from $29 to $88,Daily budget adjusted from $200 to $300,94%,Under observation,2024-05-28,Mike R.
Beta International,SEM,2024-09-15,FX_Brand_Value_Q122,Decreased bid for age group 35-44 by -15%,Modified CPC target from $5 to $6,100%,Under observation,2024-09-15,Mike R.
Beta Global,Bing,2024-07-02,BPN_Retargeting_Premium_Oct22,Updated CPA target from $45 to $73,Redistributed budget across campaigns,93%,Under observation,2024-07-02,Emma L.
Core Select,Social,2024-09-14,WWJ_Retargeting_Seasonal_Q423,Added 39 negative keywords,Created 3 new ad groups,98%,Implemented successfully,2024-09-14,John D.
Vector Direct,SEM,2024-07-17,NRI_Awareness_Seasonal_Jul22,Adjusted daily budget from $482 to $450,Redistributed budget across campaigns,98%,Under observation,2024-07-17,John D.
Alpha Industries,Bing,2024-04-18,YD_Brand_Special_Q223,Updated CPA target from $96 to $50,Redistributed budget across campaigns,92%,Under observation,2024-04-18,Sarah M.
Nexus Holdings,Social,2024-07-18,LH_Brand_Premium_Oct24,Updated CPA target from $74 to $24,Daily budget adjusted from $200 to $300,90%,Under observation,2024-07-18,John D.
Beta Media,SEM,2024-10-18,VBI_Awareness_Special_Jul24,Created 2 new ad groups with focused keywords,Added 25 negative keywords,87%,Under observation,2024-10-18,Mike R.
Beta Global,Bing,2024-11-01,BPN_Engagement_Value_Q322,Updated CPA target from $37 to $50,Daily budget adjusted from $200 to $300,88%,Under observation,2024-11-01,Alex K.
Vector Direct,SEM,2024-01-09,NRI_Engagement_Seasonal_Jan22,Paused creative Version 3 and launched new variant,Updated ad copy and CTAs,97%,Implemented successfully,2024-01-09,Sarah M.
Apex Systems,SEM,2024-01-17,WZH_Retargeting_Seasonal_Q423,Created 5 new ad groups with focused keywords,Created 3 new ad groups,93%,Implemented successfully,2024-01-17,John D.
Core Global,Bing,2024-05-04,AYN_Awareness_Premium_Q124,Decreased bid for age group 65+ by -15%,Adjusted age targeting by +10%,89%,Under observation,2024-05-04,Mike R.
Omega Global,SEM,2024-10-28,PDD_Prospecting_Value_Feb23,Adjusted Mobile device bid by -5%,Modified CPC target from $5 to $6,97%,Under observation,2024-10-28,Mike R.
Gamma Ventures,SEM,2024-06-09,QK_Awareness_Special_Apr24,Created 4 new ad variations for testing,Created 3 new ad variations,92%,Under observation,2024-06-09,Sarah M.
Iris Enterprises,Social,2023-12-11,YCZ_Retargeting_Seasonal_Oct24,Paused creative Version 4 and launched new variant,Updated ad copy and CTAs,98%,Implemented successfully,2023-12-11,Mike R.
Apex Systems,Social,2024-11-15,WZH_Retargeting_Seasonal_Apr23,Paused ad group Group 3 due to high CPA,Created 3 new ad groups,95%,Under observation,2024-11-15,John D.
Nexus International,SEM,2024-10-17,EF_Brand_Value_Jan22,Created 3 new ad variations for testing,Updated ad copy and CTAs,95%,Under observation,2024-10-17,John D.
Alpha Corp,Bing,2024-09-23,BF_Retargeting_Value_Dec23,Created 5 new ad groups with focused keywords,Created 3 new ad groups,89%,Under observation,2024-09-23,Alex K.
Peak Technologies,Social,2024-01-06,XF_Awareness_Premium_Apr22,Paused ad group Group 4 due to high CPA,Created 3 new ad groups,92%,Under observation,2024-01-06,John D.
Gamma Direct,Social,2024-03-04,HP_Brand_Seasonal_Aug22,Paused creative Version 1 and launched new variant,Updated ad copy and CTAs,98%,Under observation,2024-03-04,Sarah M.
Iris Group,SEM,2024-09-09,YC_Awareness_Value_Jun22,Added 43 negative keywords,Created 3 new ad groups,99%,Implemented successfully,2024-09-09,Emma L.
Gamma Ventures,Social,2024-02-29,QK_Conversion_General_Mar23,Added 41 negative keywords,Created 3 new ad groups,89%,Under observation,2024-02-29,Sarah M.
Alpha Industries,SEM,2024-06-25,YD_Awareness_Seasonal_Jun24,Paused ad group Group 1 due to high CPA,Created 3 new ad groups,93%,Under observation,2024-06-25,Emma L.
Vector Partners,SEM,2024-01-06,NGX_Conversion_Special_Aug24,Paused creative Version 3 and launched new variant,Updated ad copy and CTAs,91%,Implemented successfully,2024-01-06,Emma L.
Beta Media,SEM,2024-09-04,VBI_Conversion_Premium_Q122,Decreased bid for age group 25-34 by -10%,Adjusted age targeting by +10%,86%,Under observation,2024-09-04,Alex K.
Echo Ventures,Social,2024-11-01,ESJ_Brand_Seasonal_Feb23,Paused creative Version 5 and launched new variant,Created 3 new ad variations,93%,Under observation,2024-11-01,Emma L.
Prime Direct,Social,2024-01-08,UWK_Awareness_Seasonal_Aug24,Added 37 negative keywords,Added 25 negative keywords,93%,Under observation,2024-01-08,John D.
Orion Systems,Social,2024-05-26,FSG_Retargeting_Value_Jun23,Updated CPA target from $98 to $53,Redistributed budget across campaigns,98%,Implemented successfully,2024-05-26,Mike R.
Core Global,SEM,2023-12-21,AYN_Engagement_Premium_Nov23,Paused creative Version 2 and launched new variant,Created 3 new ad variations,86%,Under observation,2023-12-21,Sarah M.
Sigma Solutions,SEM,2024-08-03,CL_Retargeting_Value_Jul24,Decreased bid for age group 65+ by -5%,Adjusted age targeting by +10%,99%,Under observation,2024-08-03,Sarah M.
Gamma Ventures,Social,2024-03-07,QK_Brand_Value_Aug22,Increased bid for top performing keywords by 25%,Adjusted age targeting by +10%,91%,Under observation,2024-03-07,John D.
Vector Direct,SEM,2024-01-02,NRI_Retargeting_Value_Mar22,Created 2 new ad variations for testing,Updated ad copy and CTAs,85%,Under observation,2024-01-02,John D.
Beta International,SEM,2024-05-07,FX_Prospecting_Special_Jul22,Increased bid for top performing keywords by 20%,Modified CPC target from $5 to $6,100%,Under observation,2024-05-07,Mike R.
Gamma Brand,Bing,2024-10-24,FN_Brand_Seasonal_Jun24,Decreased bid for age group 65+ by -5%,Modified CPC target from $5 to $6,89%,Under observation,2024-10-24,John D.
Echo Brand,Bing,2023-12-30,BW_Prospecting_Seasonal_Feb22,Decreased bid for age group 18-24 by -10%,Adjusted age targeting by +10%,90%,Under observation,2023-12-30,Emma L.
Iris Group,Social,2024-02-15,YC_Engagement_Premium_Jan24,Created 4 new ad groups with focused keywords,Updated campaign targeting settings,89%,Under observation,2024-02-15,Emma L.
Apex Systems,Bing,2024-05-25,WZH_Conversion_Premium_Sep24,Created 3 new ad groups with focused keywords,Created 3 new ad groups,99%,Implemented successfully,2024-05-25,Emma L.
Omega Solutions,Social,2024-06-27,TO_Conversion_Premium_Nov24,Increased bid for top performing keywords by 20%,Modified CPC target from $5 to $6,98%,Under observation,2024-06-27,Alex K.
Prime Direct,Bing,2024-10-20,UWK_Brand_Value_Sep24,Paused ad group Group 4 due to high CPA,Updated campaign targeting settings,87%,Under observation,2024-10-20,Emma L.
Iris Group,SEM,2024-02-08,YC_Conversion_Special_Aug24,Updated CPA target from $51 to $86,Redistributed budget across campaigns,94%,Under observation,2024-02-08,Alex K.
Beta Global,Social,2024-08-11,BPN_Retargeting_Value_Dec23,Increased bid for top performing keywords by 20%,Modified CPC target from $5 to $6,93%,Under observation,2024-08-11,Alex K.
Iris Group,Social,2024-10-27,YC_Brand_General_Mar23,Increased bid for top performing keywords by 20%,"Previous bid: $1.50, New bid: $2.00",87%,Under observation,2024-10-27,Mike R.
Peak Technologies,Social,2024-10-08,XF_Prospecting_Value_Q322,Paused creative Version 2 and launched new variant,Created 3 new ad variations,87%,Implemented successfully,2024-10-08,Alex K.
Beta Media,SEM,2024-08-23,VBI_Retargeting_Seasonal_Feb24,Created 2 new ad variations for testing,Created 3 new ad variations,90%,Under observation,2024-08-23,Emma L.
Beta International,Bing,2024-10-05,FX_Prospecting_General_Q422,Updated CPA target from $58 to $31,Daily budget adjusted from $200 to $300,89%,Under observation,2024-10-05,John D.
Nexus Holdings,Social,2024-03-10,LH_Retargeting_Value_Q124,Increased bid for top performing keywords by 10%,Adjusted age targeting by +10%,91%,Under observation,2024-03-10,Emma L.
Apex Select,SEM,2023-12-05,LYY_Conversion_General_Q222,Paused creative Version 4 and launched new variant,Updated ad copy and CTAs,100%,Under observation,2023-12-05,Emma L.
Vector Partners,Social,2024-09-10,NGX_Conversion_Premium_Q122,Updated CPA target from $21 to $33,Redistributed budget across campaigns,98%,Implemented successfully,2024-09-10,Alex K.
Echo Brand,Social,2024-06-15,BW_Prospecting_Special_Jan22,Created 3 new ad variations for testing,Created 3 new ad variations,85%,Under observation,2024-06-15,Mike R.
Beta Global,SEM,2024-07-23,BPN_Retargeting_General_Apr22,Created 5 new ad variations for testing,Updated ad copy and CTAs,85%,Under observation,2024-07-23,Sarah M.
Vector Holdings,Bing,2024-03-21,KO_Conversion_Special_May24,Created 5 new ad variations for testing,Created 3 new ad variations,94%,Implemented successfully,2024-03-21,Emma L.
Atlas Industries,Bing,2024-02-14,FR_Engagement_General_Jul22,Created 2 new ad variations for testing,Updated ad copy and CTAs,89%,Under observation,2024-02-14,Sarah M.
Core Global,Social,2024-08-02,AYN_Conversion_Seasonal_Sep23,Paused creative Version 5 and launched new variant,Created 3 new ad variations,85%,Under observation,2024-08-02,Mike R.
Quantum Select,SEM,2024-08-07,WZ_Conversion_Value_Q222,Paused ad group Group 3 due to high CPA,Created 3 new ad groups,88%,Under observation,2024-08-07,John D.
Gamma Direct,Social,2024-05-16,HP_Retargeting_Value_Mar22,Adjusted daily budget from $494 to $385,Redistributed budget across campaigns,89%,Implemented successfully,2024-05-16,Alex K.
Sigma Media,SEM,2024-07-15,RG_Awareness_Premium_Oct23,Paused creative Version 5 and launched new variant,Created 3 new ad variations,88%,Under observation,2024-07-15,John D.
Alpha Industries,Bing,2024-04-21,YD_Retargeting_Value_Jul24,Added 41 negative keywords,Updated campaign targeting settings,88%,Under observation,2024-04-21,Mike R.
Prime Direct,Social,2024-03-06,UWK_Awareness_Special_Q223,Increased bid for top performing keywords by 10%,Adjusted age targeting by +10%,95%,Under observation,2024-03-06,Sarah M.
Iris Group,Social,2024-06-23,YC_Engagement_Special_Jun24,Adjusted daily budget from $177 to $485,Redistributed budget across campaigns,92%,Under observation,2024-06-23,Emma L.
Atlas Industries,Bing,2024-08-14,FR_Prospecting_General_Q422,Paused creative Version 4 and launched new variant,Created 3 new ad variations,85%,Implemented successfully,2024-08-14,Alex K.
Beta Global,Social,2024-05-03,BPN_Retargeting_General_Mar24,Adjusted daily budget from $322 to $131,Redistributed budget across campaigns,86%,Under observation,2024-05-03,Sarah M.
Nexus International,Bing,2024-06-16,EF_Brand_Seasonal_Aug22,Created 4 new ad variations for testing,Updated ad copy and CTAs,85%,Implemented successfully,2024-06-16,Alex K.
Apex Select,SEM,2024-10-18,LYY_Engagement_Seasonal_Sep23,Created 4 new ad variations for testing,Updated ad copy and CTAs,91%,Implemented successfully,2024-10-18,John D.
Alpha Group,Bing,2024-06-10,DM_Awareness_Special_Jul24,Adjusted daily budget from $366 to $376,Redistributed budget across campaigns,91%,Under observation,2024-06-10,Alex K.
Omega Global,SEM,2023-12-05,PDD_Conversion_Special_May22,Added 47 negative keywords,Created 3 new ad groups,92%,Implemented successfully,2023-12-05,Mike R.
Apex Systems,Social,2024-06-01,WZH_Prospecting_Premium_Q323,Adjusted Desktop device bid by -15%,"Previous bid: $1.50, New bid: $2.00",88%,Under observation,2024-06-01,Alex K.
Gamma Brand,Bing,2024-03-23,OS_Awareness_Premium_Jun22,Adjusted daily budget from $279 to $253,Redistributed budget across campaigns,89%,Implemented successfully,2024-03-23,Alex K.
Vector Partners,Bing,2024-08-14,NGX_Prospecting_Seasonal_Sep24,Updated CPA target from $78 to $32,Daily budget adjusted from $200 to $300,98%,Implemented successfully,2024-08-14,John D.
Iris Group,Social,2024-01-29,YC_Retargeting_Seasonal_Q423,Created 2 new ad variations for testing,Updated ad copy and CTAs,97%,Under observation,2024-01-29,Alex K.
Beta International,Social,2024-10-14,FX_Retargeting_General_Dec23,Created 5 new ad variations for testing,Created 3 new ad variations,89%,Under observation,2024-10-14,Emma L.
Sigma Solutions,SEM,2024-11-13,CL_Retargeting_Special_Q223,Decreased bid for age group 18-24 by -5%,"Previous bid: $1.50, New bid: $2.00",96%,Implemented successfully,2024-11-13,John D.
Atlas Industries,Bing,2024-05-31,FR_Awareness_Special_Feb22,Increased bid for top performing keywords by 25%,"Previous bid: $1.50, New bid: $2.00",88%,Under observation,2024-05-31,Mike R.
Omega Global,SEM,2023-12-08,PDD_Brand_Seasonal_Jan23,Created 2 new ad variations for testing,Updated ad copy and CTAs,94%,Under observation,2023-12-08,Emma L.
Gamma Brand,SEM,2023-12-28,GDC_Awareness_Special_Q223,Updated CPA target from $93 to $59,Redistributed budget across campaigns,95%,Implemented successfully,2023-12-28,Emma L.
Orion Systems,Bing,2024-07-11,FSG_Awareness_Premium_Jul23,Paused creative Version 3 and launched new variant,Created 3 new ad variations,98%,Under observation,2024-07-11,Emma L.
Prime Direct,Bing,2024-04-14,UWK_Awareness_Value_Apr23,Paused creative Version 1 and launched new variant,Updated ad copy and CTAs,88%,Under observation,2024-04-14,John D.
Sigma Corp,Bing,2024-07-24,PZR_Retargeting_Special_Jul23,Paused ad group Group 5 due to high CPA,Added 25 negative keywords,85%,Under observation,2024-07-24,Sarah M.
Vector Partners,Bing,2024-08-23,NGX_Prospecting_Value_Dec23,Decreased bid for age group 55-64 by -15%,Adjusted age targeting by +10%,85%,Under observation,2024-08-23,Sarah M.
Atlas Industries,Social,2024-06-06,FR_Engagement_Value_Q322,Adjusted daily budget from $150 to $377,Daily budget adjusted from $200 to $300,94%,Under observation,2024-06-06,Mike R.
Iris Group,Bing,2024-06-19,YC_Conversion_Premium_Q124,Adjusted daily budget from $414 to $266,Daily budget adjusted from $200 to $300,85%,Implemented successfully,2024-06-19,Mike R.
Echo Ventures,Social,2024-02-04,ESJ_Prospecting_Value_Dec23,Updated CPA target from $68 to $35,Daily budget adjusted from $200 to $300,91%,Under observation,2024-02-04,Alex K.
Vector Partners,Social,2024-01-21,NGX_Prospecting_Seasonal_Q224,Created 5 new ad variations for testing,Updated ad copy and CTAs,87%,Under observation,2024-01-21,Emma L.
Gamma Direct,Bing,2024-09-02,HP_Awareness_Special_Aug24,Adjusted daily budget from $226 to $490,Daily budget adjusted from $200 to $300,94%,Under observation,2024-09-02,Emma L.
Iris Group,Bing,2024-06-02,YC_Conversion_Premium_Q124,Paused ad group Group 5 due to high CPA,Created 3 new ad groups,99%,Under observation,2024-06-02,Emma L.
Echo Brand,Social,2023-12-24,BW_Prospecting_Value_Dec24,Adjusted Desktop device bid by 15%,Adjusted age targeting by +10%,96%,Implemented successfully,2023-12-24,Sarah M.
Nova Technologies,Bing,2024-02-14,BRI_Engagement_Special_Sep23,Adjusted Mobile device bid by -5%,"Previous bid: $1.50, New bid: $2.00",97%,Under observation,2024-02-14,Sarah M.
Omega Solutions,Bing,2024-10-01,TO_Engagement_Premium_Jul22,Created 4 new ad groups with focused keywords,Updated campaign targeting settings,93%,Implemented successfully,2024-10-01,Emma L.
Omega Solutions,SEM,2024-05-16,TO_Awareness_Value_May23,Updated CPA target from $22 to $37,Daily budget adjusted from $200 to $300,100%,Under observation,2024-05-16,John D.
Core Select,Bing,2024-06-12,WWJ_Engagement_Premium_May24,Paused creative Version 5 and launched new variant,Created 3 new ad variations,99%,Under observation,2024-06-12,Mike R.
